library,iln,isil_code,short_name,loan_codes,material_codes
0001,11,DE-1a,"Berlin SBB Haus Potsdamer Str",du?,BEGKMSVX
0001/0001,11,DE-1,"Berlin SBB Haus Unter d.Linden",du?,BEGKMSVX
0003,65,DE-3,"Halle/S UuLB",bdu?,BEGKMSVX
0003/0001,65,DE-3-1,"Halle/S ZwB Vord. Orient",bdu?,BEGKMSVX
0003/0003,65,NULL,"ULB Halle keine Fernleihe",bdu,B
0003/0004,65,DE-3-4,"Halle/S ZwB Heide-Süd",bdu?,BEGKMSVX
0003/0006,65,DE-3-6,"Halle/S ZwB Altklinikum",bdu?,BEGKMSVX
0003/0007,65,DE-3-7,"Halle/S ZwB Zoologie",bdu?,BEGKMSVX
0003/0008,65,DE-3-8,"Halle/S ZwB Geobotanik",bdu?,BEGKMSVX
0003/0010,65,DE-3-10,"Halle/S ZwB Erziehungswiss.",bdu?,BEGKMSVX
0003/0011,65,DE-3-11,"Halle/S ZwB Rechtswiss.",bdu?,BEGKMSVX
0003/0018,65,DE-3-18,"Halle/S ZwB Kunstgesch",bdu?,BEGKMSVX
0003/0019,65,DE-3-19,"Halle/S ZwB Geowiss",bdu?,BEGKMSVX
0003/0020,65,DE-3-20,"Halle/S ZwB Neuphilologie",bdu?,BEGKMSVX
0003/0025,65,DE-3-25,"Halle/S ZwB Germanistik",bdu?,BEGKMSVX
0003/0026,65,DE-3-26,"Halle/S ZwB Altertumswiss.",bdu?,BEGKMSVX
0003/0027,65,DE-3-27,"Halle/S ZwB Wirtschaftswiss.",bdu?,BEGKMSVX
0003/0037,65,DE-3-37,"Halle/S ZwB Indogerm.",bdu?,BEGKMSVX
0003/0038,65,DE-3-38,"Halle/S ZwB Musikwiss.",bdu?,BEGKMSVX
0003/0075,65,DE-3-75,"Halle/S ZwB Philosoph.",bdu?,BEGKMSVX
0003/0086,65,DE-3-86,"Halle/S ZwB Brandbergweg",bdu?,BEGKMSVX
0003/0098,65,DE-3-98,"Halle/S ZwB Sozialwiss.",bdu?,BEGKMSVX
0003/0143,65,NULL,"ULB Halle Industrietox. <Ha 143>",NULL,NULL
0003/0150,65,DE-3-150,"Halle/S ZwB Kröllwitz",bdu?,BEGKMSVX
0003/0179,65,DE-3-179,"ULB Halle Aufkla?rung <3/179>",NULL,NULL
0003/0701,65,NULL,"ULB Halle Ackerbau <J103>",NULL,NULL
0003/0702,65,NULL,"ULB Halle Standortkunde <L134>",NULL,NULL
0003/0703,65,NULL,"ULB Halle Allg. Pflbau <L136>",NULL,NULL
0003/0704,65,NULL,"ULB Halle Pflanzenzucht <L 87>",NULL,NULL
0003/0901,65,NULL,"ULB Halle Stud. Bib. Med. <STUD>",NULL,NULL
0003/0902,65,NULL,"ULB Halle Katastr. Med. <MIL>",NULL,NULL
0003/0903,65,NULL,"ULB Halle Ackerbau <Ha 0>",NULL,NULL
0003/0904,65,NULL,"ULB Halle Ackerbau <GRU?>",NULL,NULL
0003/0906,65,NULL,"ULB Halle Uni-Archiv",NULL,NULL
0003/0908,65,NULL,"ULB Halle Kustodie",NULL,NULL
0003/0913,65,NULL,"ULB Halle Gesch. Med. <GEM>",NULL,NULL
0003/0914,65,NULL,"ULB Halle Tierzucht <IFT>",NULL,NULL
0003/0999,65,NULL,"ULB Halle Nicht FL",NULL,BEGKMSVX
0004,35,NULL,"UB Marburg <4>",bdu?,BEGKMSVX
0004/0999,35,NULL,"UB Marburg o.FL.",NULL,NULL
0005,28,NULL,"ULB Bonn <5>",bdu?,BEGKMSVX
0006,155,NULL,"UB Mu?nster <6>",bdu?,BEGKMSVX
0007,40,DE-7,"Göttingen SUB",bdu?,BEGKMSVX
0007/0001,40,DE-7-0001,"Göttingen BB Forstwiss.",bdu?,BEGKMSVX
0007/0006,40,DE-7-006,"Uni Go? Psychologie <7/006>",NULL,NULL
0007/0009,40,DE-7,"Göttingen SUB",bu?,BEGKMSVX
0007/0011,40,DE-7,"Göttingen SUB",bdu?,BEGKMSVX
0007/0015,40,DE-7,"Göttingen SUB",bdu?,BEGKMSVX
0007/0024,40,DE-7-024,"Uni Go? Romanistik<7/024>",NULL,NULL
0007/0037,40,DE-037,"Uni Go? Jurist. Sem. <7/037>",NULL,NULL
0007/0041,40,DE-7-041,"Uni Go? Vo?lkerrecht <7/041>",NULL,NULL
0007/0042,40,DE-7-042,"Uni Go? Theologie <7/042>",NULL,NULL
0007/0044,40,NULL,"Uni Go? Waldweg <7/44>",bdu?,BEGKMSVX
0007/0045,40,NULL,"SUB Go? Jur <7/45>",bdu?,BEGKMSVX
0007/0050,40,DE-7-050,"Uni Go? Pa?dagogik <7/050>",NULL,NULL
0007/0051,40,DE-7-051,"Uni Go? CeMEAS <7/051>",NULL,NULL
0007/0118,40,DE-7-118,"Uni Go? Landw.Recht <7/118>",NULL,NULL
0007/0140,40,DE-7-140,"Uni Go? Finn.-Ugr. Sem. <7/140>",NULL,NULL
0007/0148,40,DE-7-148,"Göttingen Wirt/Sozialw. Sem",NULL,BEGKMSVX
0007/0149,40,NULL,"SUB Go? Theol <7/149>",bdu?,BEGKMSVX
0007/0155,40,DE-7-155,"Uni Go? Ro?m. Recht <7/155>",NULL,NULL
0007/0160,40,DE-7-160,"Uni Go? Fachdidaktik <7/160>",NULL,NULL
0007/0196,40,NULL,"Uni Go? Geologie <7/196>",bdu?,BEGKMSVX
0007/0200,40,DE-7-200,"Uni Go? Arbeitsrecht <7/200>",NULL,NULL
0007/0201,40,DE-7-201,"Uni Go? Staatslehre <7/201>",NULL,NULL
0007/0333,40,DE-7,"Göttingen SUB",NULL,NULL
0007/0730,40,DE-7-730,"Uni Go? Med. Informatik <7/730>",NULL,NULL
0007/0906,40,NULL,"Uni GO? Enzykl. d. Ma?rchens",NULL,NULL
0007/0999,40,NULL,"Ru?ckla?ufer SUB",bdu?,BEGKMSVX
0007/1017,40,DE-7,"Göttingen SUB",bdu?,BEGKMSVX
0008,24,DE-8,"Kiel UB",dsu,BEGKMSVX
0008/0002,24,NULL,"UB Kiel FB Theologie <8/2>",NULL,NULL
0008/0003,24,NULL,"UB Kiel Jurist. Sem. <8/3>",NULL,NULL
0008/0004,24,NULL,"UB Kiel Internat. Recht <8/4>",NULL,NULL
0008/0005,24,NULL,"UB Kiel Kriminologie <8/5>",NULL,NULL
0008/0006,24,NULL,"UB Kiel Osteurop. Recht <8/6>",NULL,NULL
0008/0007,24,NULL,"UB Kiel Wirt.-Steuerrecht.<8/7>",NULL,NULL
0008/0008,24,NULL,"UB Kiel Umweltschutzrecht <8/8>",NULL,NULL
0008/0009,24,NULL,"UB Kiel FB f. Wirtschaftsw <8/9>",NULL,NULL
0008/0010,24,NULL,"UB Kiel Soziologie <8/10>",NULL,NULL
0008/0011,24,NULL,"UB Kiel Polit. wiss. <8/11>",NULL,NULL
0008/0012,24,NULL,"UB Kiel Anatom/Biochem <8/12>",NULL,NULL
0008/0013,24,NULL,"UB Kiel Physiol. Inst. <8/13>",NULL,NULL
0008/0015,24,NULL,"UB Kiel Med.-Pharm.Smlg <8/15>",NULL,NULL
0008/0016,24,NULL,"UB Kiel Med. Klinik I <8/16>",NULL,NULL
0008/0017,24,NULL,"UB Kiel Dermatologie <8/17>",NULL,NULL
0008/0019,24,NULL,"UB Kiel Humangenetik <8/19>",NULL,NULL
0008/0020,24,NULL,"UB Kiel Chirurgie <8/20>",NULL,NULL
0008/0021,24,NULL,"UB Kiel Gyna?kologie <8/21>",NULL,NULL
0008/0022,24,NULL,"UB Kiel HNO <8/22>",NULL,NULL
0008/0023,24,NULL,"UB Kiel Ophthalmologie <8/23>",NULL,NULL
0008/0024,24,NULL,"UB Kiel Bibl.im Neurozent <8/24>",NULL,NULL
0008/0025,24,NULL,"UB Kiel Orthopa?die <8/25>",NULL,NULL
0008/0027,24,NULL,"UB Kiel Zahnheilkunde <8/27>",NULL,NULL
0008/0028,24,NULL,"UB Kiel Ana?sthesiol. <8/28>",NULL,NULL
0008/0029,24,NULL,"UB Kiel Radiologie <8/29>",NULL,NULL
0008/0030,24,NULL,"UB Kiel Allg. Pathologie <8/30>",NULL,NULL
0008/0031,24,NULL,"UB Kiel Hygiene <8/31>",NULL,NULL
0008/0032,24,NULL,"UB Kiel Transfusionsm. <8/32>",NULL,NULL
0008/0033,24,NULL,"UB Kiel Pharmakologie <8/33>",NULL,NULL
0008/0034,24,NULL,"UB Kiel Rechtsmedizin <8/34>",NULL,NULL
0008/0035,24,NULL,"UB Kiel Med. Informatik <8/35>",NULL,NULL
0008/0036,24,NULL,"UB Kiel Med. Klinik II <8/36>",NULL,NULL
0008/0037,24,NULL,"UB Kiel Philosoph. Sem. <8/37>",NULL,NULL
0008/0038,24,NULL,"UB Kiel Pa?dagogik <8/38>",NULL,NULL
0008/0039,24,NULL,"UB Kiel Psychologie <8/39>",NULL,NULL
0008/0040,24,NULL,"UB Kiel FB Geschichte <8/40>",NULL,NULL
0008/0041,24,NULL,"UB Kiel FB Geschichte <8/41>",NULL,NULL
0008/0042,24,NULL,"UB Kiel Archa?olog. Inst <8/42>",NULL,NULL
0008/0043,24,NULL,"UB Kiel Arch. Landesmus <8/43>",NULL,NULL
0008/0044,24,NULL,"UB Kiel Kunsthistorik <8/44>",NULL,NULL
0008/0045,24,NULL,"UB Kiel FB Kunsthalle <8/45>",NULL,NULL
0008/0046,24,NULL,"UB Kiel Musikwiss. Inst. <8/46>",NULL,NULL
0008/0047,24,NULL,"UB Kiel Sem. Volkskunde <8/47>",NULL,NULL
0008/0048,24,NULL,"UB Kiel Sprachwiss. <8/48>",NULL,NULL
0008/0049,24,NULL,"UB Kiel Phonetik <8/49>",NULL,NULL
0008/0050,24,NULL,"UB Kiel Klass. Altertum <8/50>",NULL,NULL
0008/0052,24,NULL,"UB Kiel,FB Germanistik <8/52>",NULL,NULL
0008/0053,24,NULL,"UB Kiel FB Germanistik <8/52>",NULL,NULL
0008/0054,24,NULL,"UB Kiel Nordisches In. <8/54>",NULL,NULL
0008/0055,24,NULL,"UB Kiel Englisches Sem. <8/55>",NULL,NULL
0008/0056,24,NULL,"UB Kiel Romanisch. Sem. <8/56>",NULL,NULL
0008/0057,24,NULL,"UB Kiel Slavisch. Sem. <8/57>",NULL,NULL
0008/0058,24,NULL,"UB Kiel Inst. F. Sport <8/58>",NULL,NULL
0008/0059,24,NULL,"UB Kiel UR- Fru?hgesch. <8/59>",NULL,NULL
0008/0060,24,NULL,"UB Kiel Mathemat. Sem. <8/60>",NULL,NULL
0008/0061,24,NULL,"UB Kiel Kernphysik <8/61>",NULL,NULL
0008/0062,24,NULL,"UB Kiel Physik Zentrum <8/62>",NULL,NULL
0008/0063,24,NULL,"UB Kiel Inst. Geophysik <8/63>",NULL,NULL
0008/0064,24,NULL,"UB Kiel FB Chemie <8/64>",NULL,NULL
0008/0065,24,NULL,"UB Kiel FB Chemie <8/65>",NULL,NULL
0008/0066,24,NULL,"UB Kiel Pharmaz. Chem. <8/66>",NULL,NULL
0008/0067,24,NULL,"UB Kiel Pharmaz. Biol. <8/67>",NULL,NULL
0008/0068,24,NULL,"UB Kiel Biologie Zentr. <8/68>",NULL,NULL
0008/0069,24,NULL,"UB Kiel Geol. Pala?ontol. <8/69",NULL,NULL
0008/0070,24,NULL,"UB Kiel Geograph. Inst. <8/70>",NULL,NULL
0008/0071,24,NULL,"UB Kiel Pflanzenerna?hr. <8/71>",NULL,NULL
0008/0072,24,NULL,"UB Kiel Pflanzenbau <8/72>",NULL,NULL
0008/0073,24,NULL,"UB Kiel Phytopathol. <8/73>",NULL,NULL
0008/0074,24,NULL,"UB Kiel Tiererna?hrung <8/74>",NULL,NULL
0008/0075,24,NULL,"UB Kiel Tierzucht <8/75>",NULL,NULL
0008/0076,24,NULL,"UB Kiel Ldw. Verf. Techn <8/76>",NULL,NULL
0008/0077,24,NULL,"UB Kiel Wasserwirtsch. <8/77>",NULL,NULL
0008/0078,24,NULL,"UB Kiel FB f. Wirtschaftsw<8/78>",NULL,NULL
0008/0079,24,NULL,"UB Kiel Humanerna?hrung <8/79>",NULL,NULL
0008/0080,24,NULL,"UB Kiel ZIF <8/80>",NULL,NULL
0008/0081,24,NULL,"FB am O?kologiezentrum <8/81>",NULL,NULL
0008/0082,24,NULL,"Handapparat Variationsstatistik",NULL,NULL
0008/0085,24,NULL,"UB Kiel Deutsch f. Ausl <8/85>",NULL,NULL
0008/0086,24,NULL,"UB Kiel Spielleiters. <8/86>",NULL,NULL
0008/0087,24,NULL,"Bibl. d. AG Film d. CAU <8/87>",NULL,NULL
0008/0100,24,DE-452,"Schleswig Landesarchiv <452>",NULL,NULL
0008/0101,24,NULL,"Multimedia Campus Kiel",NULL,NULL
0008/0102,24,NULL,"Bibl. d. Lorenz-von-Stein-Inst.",NULL,NULL
0008/0202,24,NULL,"UB Kiel <8/202>",dsu,BEGKMSVX
0008/0203,24,NULL,"UB Kiel <8/203>",dsu,BEGKMSVX
0008/0333,24,DE-8,"Kiel UB",NULL,NULL
0008/0391,24,NULL,"UB Kiel Psycho. Pa?dag. <8/39A>",NULL,NULL
0008/0511,24,NULL,"UB Kiel Indologie <8/51A>",NULL,NULL
0008/0512,24,NULL,"UB Kiel Islamwiss. <8/51B>",NULL,NULL
0008/0513,24,NULL,"UB Kiel Sinolgie <8/51C>",NULL,NULL
0008/0541,24,NULL,"Fachbibl. am ISFAS Frisistik",NULL,NULL
0008/0601,24,NULL,"UB Kiel Informat. Mat. <8/60A>",NULL,NULL
0008/0605,24,NULL,"UB Kiel Logik <8/60E>",NULL,NULL
0008/0683,24,NULL,"UB Kiel Zoolog. Museum <8/68C>",NULL,NULL
0008/0684,24,NULL,"UB Kiel Vo?lkerkundl. Sammlung",NULL,NULL
0008/0685,24,NULL,"UB Kiel Polaro?kologie <8/68E>",NULL,NULL
0008/0710,24,NULL,"UB Kiel Eur. Int. Recht <8/7A>",NULL,NULL
0009,69,DE-9,"Greifswald UB",bdu?,BEGKMSVX
0011,193,DE-11,"HU Berlin <11>",bdu,BEGKMSVX
0011/0001,193,NULL,"HU Berlin FL <11>",NULL,NULL
0011/0011,193,NULL,"HU Berlin KOBV-Test",NULL,NULL
0012,12,NULL,"BSB Mu?nchen <12>",bdu?,BEGKMSVX
0014,124,NULL,"SLUB Dresden <14>",bdu?,BEGKMSVX
0014/0032,124,NULL,"Zweig Med SLUB Dresden  <14/32>",NULL,NULL
0015,284,NULL,"UB Leipzig <15>",NULL,NULL
0016,106,NULL,"UB Heidelberg <16>",bdu?,BEGKMSVX
0018,22,DE-18,"Hamburg SUB",bdu?,BEGKMSVX
0018/0006,22,NULL,"Angew. Botanik HH <18/6>",NULL,NULL
0018/0008,22,NULL,"Geograph. Gesell. HH <H8>",NULL,NULL
0018/0012,22,NULL,"Inst. Roman. Fr/It HH <18/12>",NULL,NULL
0018/0015,22,NULL,"Sternwarte HH <18/15>",NULL,NULL
0018/0019,22,NULL,"Biozentrum Grindel  <18/19>",NULL,NULL
0018/0021,22,NULL,"Institut f. Germanistik I 18/21",NULL,NULL
0018/0024,22,NULL,"Geol. Pal. Inst. HH <18/24>",NULL,NULL
0018/0039,22,NULL,"Inst. Anglistik  HH <18/39>",NULL,NULL
0018/0045,22,NULL,"Philos. Sem. HH <18/45>",NULL,NULL
0018/0047,22,NULL,"Physik Jungiusstraße <18/47>",NULL,NULL
0018/0048,22,NULL,"Chem. Inst. HH <18/48>",NULL,NULL
0018/0053,22,NULL,"Bibl. Alte Geschichte HH <18/53>",NULL,NULL
0018/0054,22,NULL,"Bibl. Grie. Lat. Philol. <18/54>",NULL,NULL
0018/0055,22,NULL,"Asien Afrika Inst.<18/55>",NULL,NULL
0018/0057,22,NULL,"Inst. Geographie HH <18/57>",NULL,NULL
0018/0059,22,NULL,"Slawisches Sem. HH <18/59>",NULL,NULL
0018/0060,22,NULL,"Historisches Sem. HH <18/60>",NULL,NULL
0018/0061,22,NULL,"Inst. Roman. Span. Port.<18/61>",NULL,NULL
0018/0064,22,NULL,"Uni. Krank. Eppendorf HH <18/64>",NULL,NULL
0018/0069,22,NULL,"FB Erziehungswiss. HH <18/69>",NULL,NULL
0018/0070,22,NULL,"Sem. Dt. Nord. Recht HH <18/70>",NULL,NULL
0018/0071,22,NULL,"Inst. Kriminalwiss. HH <18/71>",NULL,NULL
0018/0073,22,NULL,"Sem. Hand. Schiff. Recht HH <18/",NULL,NULL
0018/0074,22,NULL,"FB Psychologie HH <18/74>",NULL,NULL
0018/0075,22,NULL,"Inst. Allg. Bot HH <18/75>",NULL,NULL
0018/0076,22,NULL,"Sozialwiss. HH <18/76>",NULL,NULL
0018/0079,22,NULL,"Sem. Ro?m. Recht HH <18/79>",NULL,NULL
0018/0081,22,NULL,"Kunstgesch. Sem HH <18/81>",NULL,NULL
0018/0088,22,NULL,"Inst. Intern. Angelegen. <18/88>",NULL,NULL
0018/0093,22,NULL,"Mineral. Inst. HH <18/93)",NULL,NULL
0018/0105,22,NULL,"BFA Forst und Holz <H105>",NULL,NULL
0018/0114,22,NULL,"Musikwiss. HH <18/114>",NULL,NULL
0018/0131,22,NULL,"Volkskunde HH <18/131>",NULL,NULL
0018/0132,22,NULL,"Inst. Humanbiologie HH <18/132>",NULL,NULL
0018/0133,22,NULL,"Sem. Arbeitsrecht HH <18/133>",NULL,NULL
0018/0141,22,NULL,"Inst. Hydrobiologie HH <18/141>",NULL,NULL
0018/0148,22,NULL,"Inst. Kriminalwiss. <18/148>",NULL,NULL
0018/0156,22,NULL,"Literaturwiss. Sem. HH <18/156>",NULL,NULL
0018/0161,22,NULL,"Evang. Theol. HH <18/161>",NULL,NULL
0018/0172,22,NULL,"Sem. Rechtsphilosophie <18/172>",NULL,NULL
0018/0214,22,NULL,"FB Sport <18/214>",NULL,NULL
0018/0219,22,NULL,"Finn.-Ugr. HH <18/219>",NULL,NULL
0018/0226,22,NULL,"Inst. Friedensf. Sicherheit <18/",NULL,NULL
0018/0227,22,NULL,"Gesch. d. Juden HH <H227>",NULL,NULL
0018/0228,22,NULL,"FB Informatik HH <18/228>",NULL,NULL
0018/0230,22,NULL,"Theatersammlg. HH <18/230>",NULL,NULL
0018/0232,22,NULL,"Erziehungswiss. HH <18/232>",NULL,NULL
0018/0235,22,NULL,"Inst. Gesch. Naturwiss. <18/235>",NULL,NULL
0018/0240,22,NULL,"Inst. Meeresk. HH <18/240>",NULL,NULL
0018/0241,22,NULL,"Sem. Fin. Steuerrecht <18/241>",NULL,NULL
0018/0242,22,NULL,"Sem. Verwaltung <18/242>",NULL,NULL
0018/0250,22,NULL,"Forsch. Zeitgesch. <H 250>",NULL,NULL
0018/0254,22,NULL,"Europa-Kolleg <18/254>",NULL,NULL
0018/0261,22,NULL,"FB WiWi <18/261>",NULL,NULL
0018/0263,22,NULL,"Math. Gesch. Naturwiss. <18/263>",NULL,NULL
0018/0264,22,NULL,"Sem. Dt. Nord. Rechts. <18/264>",NULL,NULL
0018/0267,22,NULL,"Recht Esa W HH <18/267>",NULL,NULL
0018/0269,22,NULL,"Physik Bahrenfeld <18/269>",NULL,NULL
0018/0270,22,NULL,"Theoret. Physik Bahrenfeld",NULL,NULL
0018/0271,22,NULL,"Metereologisches Inst. <18/27",NULL,NULL
0018/0273,22,NULL,"Sem. Bu?rgerl. Recht HH <18/273",NULL,NULL
0018/0276,22,NULL,"Sem. Z. Allg. Prozeßr. <18/276>",NULL,NULL
0018/0278,22,NULL,"Inst. AA Spra. Wiss. HH <18/278>",NULL,NULL
0018/0280,22,NULL,"Inst. AI Fin. Steuer. <18/280>",NULL,NULL
0018/0289,22,NULL,"Inst. Seerecht HH <18/289>",NULL,NULL
0018/0290,22,NULL,"BFfdE HH <18/290>",NULL,NULL
0018/0291,22,NULL,"Regio. Rechnenzentrum  <18/29>",NULL,NULL
0018/0292,22,NULL,"Inst. Ethnologie <18/292>",NULL,NULL
0018/0294,22,NULL,"FBB SLM/Bibliothek ASI  <18/294>",NULL,NULL
0018/0295,22,NULL,"Inst. Geba?rdensprache HH <18/2",NULL,NULL
0018/0296,22,NULL,"Bibl. Uni. Gesch. HH <18/296>",NULL,NULL
0018/0297,22,NULL,"Zentr. Mol. Neurobiol. <18/297>",NULL,NULL
0018/0303,22,NULL,"Asien Afrika Inst. HH <18/303>",NULL,NULL
0018/0304,22,NULL,"Zentralbibliothek Recht <18/304>",NULL,NULL
0018/0305,22,NULL,"Biozentrum Klein Flottbek <18/30",NULL,NULL
0018/0306,22,NULL,"ZMAW <18/306>",NULL,NULL
0018/0307,22,NULL,"Fakulta?tsbibliothek EPB",NULL,NULL
0018/0308,22,NULL,"Kulturgeschichte und Kulturkunde",NULL,NULL
0018/0309,22,NULL,"ZB Philosophie Geschichte <18/30",NULL,NULL
0018/0310,22,NULL,"Testbibliothek EPB <18/310>",NULL,NULL
0018/0311,22,NULL,Konfuzius-Institut,NULL,NULL
0019,305,NULL,"UB Mu?nchen <19>",bdu?,BEGKMSVX
0020,306,NULL,"UB Wu?rzburg <20>",bdu?,BEGKMSVX
0023,50,DE-23,"Wolfenbüttel HAugB",bdu?,ABEGKMSTVX
0024,189,NULL,"WLB Stuttgart <24>",bdu?,BEGKMSVX
0025,107,NULL,"UB Freiburg <25>",bdu?,BEGKMSVX
0025/0001,107,NULL,"UB Freiburg fu?r REDI BW",NULL,NULL
0025/0022,107,NULL,"Inst Grenzgeb Psychol <15/22>",NULL,NULL
0026,37,NULL,"UB Gießen <26>",bdu?,BEGKMSVX
0027,31,DE-27,"Jena ThULB",bdu,BEGKMSVX
0028,62,DE-28,"Rostock UB",bdu?,BEGKMSVX
0028/0001,62,NULL,"Leibniz-Institut (IOW) <Wa 1>",NULL,NULL
0028/0002,62,NULL,"Leibniz-Institut (IAP) <Kue3>",NULL,NULL
0028/0003,62,NULL,"Leibniz-Institut (FBN) <R 48>",NULL,NULL
0028/0004,62,NULL,"Leibniz-Institut (LIKAT) <R 65>",NULL,NULL
0028/0005,62,NULL,"HS Musik Theater Rostock <563>",NULL,NULL
0029,112,NULL,"UB Erlangen <29>",bdu?,BEGKMSVX
0029/0001,112,NULL,"ZB Tech UB Erlangen-N <29 T>",NULL,NULL
0029/0002,112,NULL,"Sozialwiss ZWB UB Erl.-N <N 2>",NULL,NULL
0029/0003,112,NULL,"UB Erl.,Erzw. ZB Nu?rn. <N 32>",NULL,NULL
0030,82,NULL,"UB Frankfurt/Main <30>",NULL,BEGKMSVX
0031,108,NULL,"BLB Karlsruhe <31>",NULL,NULL
0032,61,DE-32,"Weimar HAAB",dub?,BEGKMSVX
0033,92,DE-33,"Schwerin LBMV",bdu?,BEGKMSVX
0033/0001,92,NULL,"Landes Hauptarchiv Schwerin <Shw",NULL,NULL
0034,229,NULL,"UB Kassel <34>",NULL,BEGKMSVX
0034/0001,229,NULL,"UB Kassel Bereichsb 1 <34/1>",NULL,NULL
0034/0002,229,NULL,"UB Kassel,Bereichsb. 2 <34/2>",NULL,NULL
0034/0003,229,NULL,"UB Kassel Bereichsb. 3 <34/3>",NULL,NULL
0034/0004,229,NULL,"UB Kassel Bereichsb.4 <34/4>",NULL,NULL
0034/0005,229,NULL,"UB Kassel Bereichsb.5 <34/5>",NULL,NULL
0034/0006,229,NULL,"UB Kassel LB/Murhard <34/6>",NULL,NULL
0034/0007,229,NULL,"UB Kassel Bereichsb. 7 <34/7>",NULL,NULL
0034/0008,229,NULL,"UB Kassel Bereichsb. 8 <34/8>",NULL,NULL
0034/0009,229,NULL,"UB Kassel Bereichsb. 9 <34/9>",NULL,NULL
0034/0010,229,NULL,"UB Kassel Bereichsb. 10 <34/10>",NULL,NULL
0035,72,DE-35,"Hannover GWLB",bdu?,BEGKMSVX
0035/0002,72,NULL,"NLB FBW <35/02>",bdu?,BEGKMSVX
0035/0004,72,NULL,"NLB FBS <35/04>",NULL,NULL
0035/0015,72,NULL,"NLB ABT FBE <Hv 15>",bdu?,BEGKMSVX
0035/0333,72,DE-35,"Hannover GWLB",NULL,NULL
0036,253,NULL,"StB Mainz <36>",NULL,NULL
0038,29,NULL,"USB Ko?ln <38>",bdu?,BEGKMSVX
0038/0001,29,NULL,"Uni Ko?ln ASP",NULL,NULL
0045,121,DE-45,"Oldenburg LB",bdu?,BEGKMSVX
0046,21,DE-46,"Bremen SuUB",bdu,BEGKMSVX
0046/0333,21,DE-46,"Bremen SuUB",NULL,NULL
0046/0999,21,NULL,"FL-DISPO SUB Bremen",bdu?,BEGKMSVX
0048,172,DE-48,"Lübeck StB",bdu?,BEGKMSVX
0051,321,NULL,"LB Detmold <51>",NULL,NULL
0056,227,DE-56,"Braunschweig StBi",bdu?,BEGKMSVX
0061,27,NULL,"UB Du?sseldorf <61>",bdu?,BEGKMSVX
0063,499,DE-63,"Erfurt StuRegB",bdu?,BEGKMSVX
0066,246,NULL,"Fulda HLB <66>",bdu?,BEGKMSVX
0068,104,DE-68,"Kiel LB",bdu?,BEGKMSVX
0069,679,DE-69,"StB Koblenz <69>",NULL,NULL
0070,346,NULL,"LB Coburg <70>",NULL,NULL
0073,400,DE-73,"Magdeburg StB",bdu?,BEGKMSVX
0074,411,DE-74,"Meiningen StuKrsB",bdu?,BEGKMSVX
0075,299,NULL,"StB Nu?rnberg <75>",NULL,NULL
0077,38,NULL,"UB Mainz <77>",bdu?,BEGKMSVX
0078,478,DE-78,"Rudolstadt StB",bdu?,BEGKMSVX
0082,319,NULL,"RWTH Aachen <82>",NULL,NULL
0083,46,DE-83,"TU Berlin <83>",f,BEGKMSVX
0084,20,DE-84,"Braunschweig UB",bdu?,BEGKMSVX
0084/0099,20,NULL,"UB BS-DISPONIERT",bdu?,BEGKMSVX
0084/0333,20,DE-84,"Braunschweig UB",NULL,NULL
0089,70,DE-89,"Hannover TIB/UB",bdu?,BEGKMSVX
0089/0015,70,DE-89-15,"Hannover TIB/UB Erziehungswiss",bdu?,BEGKMSVX
0089/0017,70,DE-89-17,"Hannover TIB/UB Lit/Sprachwiss",bdu?,BEGKMSTVX
0089/0099,70,NULL,"TIB/UB Test",bdu?,BEGKMSVX
0091,307,NULL,"TUB Mu?nchen <91>",bdu?,BEGKMSVX
0091/0001,307,NULL,"ZwB Weihenstephan <M 49>",NULL,NULL
0091/0002,307,NULL,"TU Mu?nchen,TB Garching <91 G>",NULL,NULL
0092,338,NULL,"FH Nuernberg <92>",bdu?,BEGKMSVX
0093,304,NULL,"UB Stuttgart <93>",NULL,NULL
0095,73,DE-95,"Hannover TierHS",bdu?,BEGKMSVX
0095/0039,73,NULL,"AG Immunologie TiHo Hannover",NULL,NULL
0095/0333,73,DE-95,"Hannover TierHS",NULL,NULL
0100,301,NULL,"KIM Hohenheim <100>",bdu?,BEGKMSVX
0101,267,DE-101,"Frankfurt/M DNB",NULL,NULL
0101/0001,267,DE-101a,"DNB Leipzig <101a>",NULL,NULL
0101/0002,267,DE-101b,"DNB Frankfurt a.M. <101b>",NULL,NULL
0104,30,DE-104,"Clausthal-Z. UB",bdu?,BEGKMSVX
0104/0001,30,NULL,"UB Clausthal Bibliographie",NULL,NULL
0104/0333,30,DE-104,"Clausthal-Z. UB",NULL,NULL
0105,190,NULL,"TU Freiberg <105>",bdu?,BEGKMSVX
0107,302,NULL,"Pfa?l. LB Speyer <107>",bdu?,BEGKMSVX
0109,277,DE-109,"ZB und LB Berlin <109>",bdu,BEGKMSVX
0111,192,DE-111,"Dessau-R. StuLB",bdu?,BEGKMSVX
0112,498,DE-112,"Eisenach StB",bdu?,BEGKMSVX
0114,401,DE-114,"Halberstadt StB",bdu?,BEGKMSVX
0115,78,DE-115,"Hannover StB",bdu?,BEGKMSVX
0118,576,DE-118,"Lüneburg RatsB",bdu?,BEKMSX
0123,614,NULL,"StB Worms <123>",NULL,NULL
0125,395,NULL,"Ratsschulbibl. Zwickau <125>",NULL,NULL
0134,366,DE-134,"StB Bremerhaven <134>",NULL,NULL
0138,240,DE-138,"Eutin LB",d,BEX
0140,403,DE-140,"Gera StuRegB",bdu?,BEGKMSVX
0143,615,NULL,"StB Hanau <143>",NULL,NULL
0153,133,DE-153,"Osnabrück StB",bdu?,BEGKMSVX
0155,367,NULL,"Staatl. Bibl. Regensburg <155>",NULL,NULL
0158,471,DE-158,Sondershausen.StB,bdu?,BEGKMSVX
0182,482,DE-182,"Arnstadt StuKrsB",bdu?,BEGKMSVX
0186,337,NULL,"SLB Potsdam <186>",bdu,BEGKMSVX
0188,103,DE-188,"FU Berlin <188>",bdu?,BEGKMSVX
0188/0001,103,NULL,"FU Berlin KOBV-Test",NULL,NULL
0188/0016,103,NULL,"FU Berlin / MfN",NULL,NULL
0188/0024,103,NULL,"FU Berlin /  BGBM",NULL,NULL
0188/0827,103,NULL,"FU Berlin / BIO",NULL,NULL
0189,404,DE-189,"Quedlinburg KrsB",bdu?,BEGKMSVX
0194,533,DE-194,"Suhl StB",bdfsu?,BEGKMSVX
0196,405,DE-196,"Halle/S StB",bdu?,BEGKMSVX
0204,156,DE-204,"Berlin IAI",bdu?,BEM
0205,640,DE-205,"Hamburg CommerzB Handelskammer",bdu?,BEGKMSVX
0206,26,DE-206,"Kiel ZBW",bdu,BEGKMSVX
0206/0001,26,NULL,"ZBW Hamburg <206 H>",bu?,BEGKMSVX
0206/0333,26,DE-206,"Kiel ZBW",NULL,NULL
0208,623,DE-208,"BGH Karlsruhe <208>",NULL,NULL
0223,590,DE-223,"Celle StB",bdu?,BEGKMSVX
0228,443,DE-228,"Hameln StB",bdu?,BEGKMSVX
0255,392,NULL,"ZIK Mu?nchen <255>",NULL,NULL
0266,578,DE-266,"Peine StB",bdu?,BEGKMSVX
0275,595,DE-275,"Salzgitter StB",bdu?,BEGKMSVX
0285,472,DE-285,"Göttingen StB",bdu?,BEGKMSVX
0289,303,NULL,"UB Ulm <289>",NULL,NULL
0290,116,NULL,"UB Dortmund <290>",bdu?,BEGKMSVX
0291,220,NULL,"UB Saarbru?cken <291>",bdu?,BEGKMSVX
0292,267,NULL,"DNB <101b>",NULL,NULL
0294,309,NULL,"UB Bochum <294>",NULL,NULL
0294/0011,309,NULL,"Historiker Bochum",NULL,NULL
0294/0018,309,NULL,"Wiwi Bochum",NULL,NULL
0294/0039,309,NULL,"Juristen Bochum",NULL,NULL
0351,351,DE-351,"Wolfsburg StB",bdu?,BEGKMSVX
0354,74,DE-354,"Hannover MedHS",bdu?,BEGKMSVX
0354/0333,74,DE-354,"Hannover MedHS",NULL,NULL
0355,125,NULL,"UB Regensburg <355>",bdu?,BEGKMSVX
0361,310,NULL,"UB Bielefeld <361>",bdu?,BEGKMSVX
0384,126,NULL,"UB Augsburg <384>",bdu?,BEGKMSVX
0385,311,NULL,"UB Trier <385>",NULL,NULL
0386,266,NULL,"UB Kaiserslautern <386>",bdu?,BEGKMSVX
0455,276,DE-455,"LEB Flensburg <455>",NULL,NULL
0456,567,DE-456,"Bad Harzburg StB",bdu?,BEGKMSVX
0464,312,NULL,"UB Duisburg <464>",bdu?,BEGKMSVX
0465,314,NULL,"UB Essen <465>",NULL,NULL
0466,315,NULL,"UB Paderborn <466>",NULL,NULL
0467,316,NULL,"UB Siegen <467>",NULL,NULL
0468,317,NULL,"UB Wuppertal <468>",NULL,NULL
0473,322,NULL,"UB Bamberg <473>",bdu?,BEGKMSVX
0476,632,NULL,"Stadtarchiv Kiel <476>",NULL,NULL
0478,274,DE-478,"Bremen StB",bdu?,BEGKMSVX
0490,208,NULL,"Nds Staatsarchiv OL <490>",NULL,NULL
0515,406,DE-515,"Köthen/Anhalt StB",bdu?,BEGKMSVX
0517,285,DE-517,"Potsdam UB",bdu?,BEGKMSVX
0518,518,DE-518,"Weimar StB",bdu?,BEGKMSVX
0519,186,DE-519,"Neubrandenburg HS",bdu?,BEGKMSVX
0521,326,NULL,"UB Frankfurt/O <521>",bdu,BEGKMSVX
0521/0001,326,NULL,"UB Frankfurt/O",NULL,NULL
0522,336,NULL,"FH Brandenburg <522>",NULL,NULL
0523,335,NULL,"FH TuW Berlin <523>",NULL,NULL
0524,146,NULL,"FH Schwarzburg <524>",NULL,NULL
0525,334,NULL,"FH Potsdam <525>",bdu,BEGKMSVX
0525/0001,334,NULL,"FH Potsdam KOBV-Test",NULL,NULL
0526,333,NULL,"TFH Wildau <526>",NULL,NULL
0527,231,DE-527,"Wernigerode HS Harz",bdu?,BEGKMSVX
0527/0001,231,DE-527,"Wernigerode HS Harz",bdu?,BEGKMSVX
0527/0002,231,DE-527-2,"Halberstadt HS Harz",bdu?,BEGKMSVX
0546,151,DE-546,"Erfurt FH",bdu,BEGKMSVX
0547,39,DE-547,"Erfurt UB",bdu,BEGKMSVX
0547/0039,39,DE-39,"Gotha FB",bdu,BEGKMSVX
0547/0333,39,DE-547,"Erfurt UB",NULL,NULL
0547/0939,39,NULL,"FB Gotha <39>",bdu,BEGKMSVX
0551,213,DE-551,"Magdeburg FHB",bdu?,BEGKMSVX
0552,230,DE-552,"Stendal FHB",NULL,BEGKMSVX
0553,492,DE-553,"StKB Pasewalk <553>",NULL,NULL
0557,557,DE-557,"Bad Salzungen StuKrsB",bdu?,BEGGKMSVX
0558,457,DE-558,"StB Schwerin <558>",NULL,NULL
0559,559,DE-559,"Saalfeld StuKrsB",bdu?,BEGKMSVX
0560,560,DE-560,"Schmalkalden StuKrsB",bdu?,BEGKMSVX
0561,561,DE-561,"Neuhaus/Rw StuKrsB",bdu?,BEGKMSVX
0564,138,DE-564,"Nordhausen FHB",bu?,BEGKMSVX
0565,565,DE-565,"Hildburghausen StB",bdu?,BEGKMSVX
0568,408,DE-568,"Zahna StB",bdu?,BEGKMSVX
0570,570,DE-570,"Zeulenroda-Triebes StB",bdu?,BEGKMSVX
0579,390,DE-579,"Jacobs University Bremen <579>",NULL,NULL
0700,130,DE-700,"Osnabrück UB",bdu?,BEGKMSVX
0703,323,NULL,"UB Bayreuth <703>",bdu?,BEGKMSVX
0705,60,DE-705,"Hamburg HSU",bdu?,BEGKMSVX
0705/0333,60,DE-705,"Hamburg HSU",NULL,NULL
0706,700,NULL,"Bib BW Mu?nchen <706>",NULL,NULL
0708,318,NULL,"UB Hagen <708>",NULL,NULL
0715,120,DE-715,"Oldenburg BIS",bu,BEGKMSVX
0715/0333,120,DE-715,"Oldenburg BIS",NULL,NULL
0717,453,DE-717,"Bad Pyrmont StB",bdu?,BEGKMSVX
0718,446,DE-718,"Burgdorf StB",bdu?,BEGKMSVX
0720,515,DE-720,"Diepholz Mediothek",bdu?,BEGKMSVX
0721,494,DE-721,"Garbsen StB",bdu?,BEGKMSVX
0722,586,DE-722,"Gifhorn StB",bdu?,BEGKMSVX
0723,592,DE-723,"Leer StB",bdu?,BEGKMSVX
0725,535,DE-725,"Nordhorn StuKrsB",bdu?,BEGKMSVX
0730,550,DE-730,"Uelzen StuKrsB",bdu?,BEGKMSVX
0731,495,DE-731,"Wilhelmshaven StB",bdu?,BEGKMSVX
0736,275,NULL,"StB Paderborn <736>",NULL,NULL
0739,324,NULL,"UB Passau <739>",bdu?,BEGKMSVX
0751,373,NULL,"HS Karlsruhe",NULL,NULL
0755,160,DE-755,"Emden HSB",du?,BEGKMSVX
0755/0001,160,DE-755-1,"Leer HS TeilB Seefahrt",du?,BEGKMSVX
0823,247,NULL,"FH Fulda <66/0>",NULL,NULL
0824,325,NULL,"UB Eichsta?tt <824>",bdu?,BEGKMSVX
0824/0001,325,NULL,"UB Eichsta?tt,Wirtschaft <945>",NULL,NULL
0830,23,DE-830,"Hamburg TU",bdu?,BEGKMSVX
0830/0333,23,DE-830,"Hamburg TU",NULL,NULL
0832,639,NULL,"FH Ko?ln <832>",NULL,NULL
0834,165,DE-834,"Braunschweig HSKunst",bdu?,BEGKMSVX
0834/0333,165,DE-834,"Braunschweig HSKunst",NULL,NULL
0839,140,DE-839,"Wilhelmshaven Jade Hochschule",bdu?,BEGKMSVX
0841,105,DE-841,"Lübeck ZHB",bdu?,BEGKMSVX
0841/0001,105,NULL,"IMGWF Lu?beck",NULL,NULL
0841/0333,105,DE-841,"Lübeck ZHB",NULL,NULL
0896,566,DE-896,"StB Stade <896>",NULL,NULL
0897,122,DE-897,"Oldenburg Jade Hochschule",bdu,BEGKMSVX
0916,164,DE-916,"Wolfenbüttel Ostfalia",bdu,BEGKMSVX
0929,320,NULL,"RLB Koblenz <929>",NULL,NULL
0946,249,NULL,"FH Frankfurt <946>",NULL,NULL
0947,537,DE-947,"Buxtehude StB",bdu?,BEGKMSVX
0959,132,NULL,"HS Osnabrueck <959>",NULL,BEGKMSVX
0959/0001,132,DE-959,"Osnabrück HS ZentralB",u,BEGKMSVX
0959/0002,132,DE-959-1,"Osnabrück HS TeilB Agrar",u,BEGKMSVX
0959/0003,132,DE-959-2,"HS Osnabrueck <959/2>",NULL,NULL
0959/0004,132,DE-959-3,"Osnabrück HS TeilB Lingen",bdfsu?,BEGKMSVX
0960,161,DE-960,"Hannover HS",bdu?,BEGKMSVX
0960/0001,161,DE-960-1,"Hannover HS ZentralB",bdu?,BEGKMSVX
0960/0002,161,NULL,"HS HAN FB BID<960/2>",bdu?,BEGKMSVX
0960/0003,161,NULL,"HS HAN FB KD <960/3>",bdu?,BEGKMSVX
0960/0004,161,DE-960-4,"Hannover HS Bioverfahrenstech.",bdu?,BEGKMSVX
0960/0005,161,NULL,"HS HAN FB WI <960/5>",bdu?,BEGKMSVX
0960/0006,161,NULL,"HS HAN FB AB <960/6>",bdu?,BEGKMSVX
0960/0007,161,DE-960-7,"Hannover HS/DGS",bdu?,BEGKMSVX
0960/0333,161,DE-960,"Hannover HS",NULL,NULL
0961,111,DE-963,"Buxtehude HS21",bdu?,BEGKMSVX
0961/0006,111,DE-963,"Buxtehude HS21",bdu?,BEGKMSVX
0968,462,DE-968,"Wedemark GB",bdu?,BEGKMSVX
0968/0001,462,DE-968,"Wedemark GB,Bissendorf  <968>",bdu?,BEGKMSVX
0969,260,NULL,"FH Wiesbaden <969>",NULL,NULL
0974,214,NULL,"FH Gießen-Friedberg  <974>",NULL,NULL
0974/0001,214,NULL,"FH Gießen <974/1>",NULL,NULL
0993,272,NULL,"Ev. FH Hannover <993>",NULL,BEGKMSVX
0996,163,DE-996,"Hannover HS Musik",bdu,BEGKMSVX
1026,449,DE-1026,"Delmenhorst StB",bdu?,BEGKMSVX
1027,585,DE-1027,"Lüneburg KrsB",bdu?,BEGKMSVX
1034,480,DE-1034,"GB Stelle <1034>",NULL,NULL
1039,493,DE-1039,"Wunstorf StB",bdu?,BEGKMSVX
1053,248,NULL,"FH Mainz <1053>",NULL,NULL
1073,372,NULL,"FIZBw Bonn <1073>",NULL,NULL
1073/0001,372,DE-H256,"Fu?hrungsakad. der BW Hamburg",NULL,NULL
1073/0002,372,NULL,"Zentrum Innere Fu?hrung Koblenz",NULL,NULL
1073/0003,372,NULL,"BA Wehrt. & Beschaffung Koblenz",NULL,NULL
1073/0004,372,NULL,"Milita?rgesch. Forsch. Potsdam",NULL,NULL
1073/0005,372,NULL,"Sanita?tsamt der BW Mu?nchen",NULL,NULL
1073/0006,372,DE-Apn1,"Unteroffzsch. der Luftw. Appen",NULL,NULL
1073/0007,372,DE-R134,"Marineamt Rostock",NULL,NULL
1073/0008,372,NULL,"Akad. der BW Strausberg",NULL,NULL
1073/0009,372,DE-Mu1,"Wehrwiss. Inst. Munster <Mu 1>",NULL,NULL
1073/0010,372,NULL,"Bundessprachenamt, Hu?rt",NULL,NULL
1077,455,DE-1077,"Verden StB",bdu?,BEGKMSVX
1124,541,DE-1124,"Sande GB",bdu?,BEGKMSVX
1143,555,DE-1143,"Edemissen KrsB",bdu?,BEGKMSVX
1158,265,DE-1158,"Güstrow FHVerwalt.Rechtspflege",bdu?,BEGKMSVX
1159,501,DE-1159,"Heiligenstadt StB",bdu?,BEGKMSVX
1160,485,DE-1160,"Artern StB",bdu?,BEGKMSVX
1161,469,DE-1161,"Mühlhausen/Thür. StB",bdu?,BEGKMSVX
1162,489,DE-1162,"Bad Langensalza StB",bdu?,BEGKMSVX
1165,479,DE-1165,"Eisenberg StB",bdu?,BEGKMSVX
1178,475,DE-1178,"Schmölln StuKrsB",bdfsu?,BEGKMSVX
1199,573,DE-1199,"Norden StB",bdu?,BEGKMSVX
1215,527,DE-1215,"Sömmerda StuKrsB",bdu?,BEGKMSVX
1253,593,DE-1253,"Ilsede KrsB",bdu?,BEGKMSVX
1258,442,DE-1258,"StB Melle <1258>",NULL,NULL
1276,402,DE-1276,"Vechelde KrsB",bdu?,BEGKMSVX
1339,552,DE-1339,"Jork StB",bdu?,BEGKMSVX
1350,574,DE-1350,"Tostedt SamtGB",bdu?,BEGKMSVX
1391,705,DE-1391,"Steinkirchen GB",bdu?,BEGKMSVX
1826,652,DE-1826,"IPU Bibliothek <1826>",NULL,NULL
1846,424,DE-1846,"Sottrum StB",bdu?,BEGKMSVX
1850,563,DE-1850,"Friedeburg GB",bdu?,BEGKMSVX
1851,549,DE-1851,"Friedeburg GB",bdu?,BEGKMSVX
1852,579,DE-1852,"Dissen StB",bdu?,BEGKMSVX
1858,463,DE-1858,"Bleicherode StB",bdu?,BEGKMSVX
1862,407,DE-1862,"Rhauderfehn GB",bdu?,BEGKMSVX
1923,569,DE-1923,"Mediothek Bunde <1923>",NULL,NULL
1990,10,NULL,"ZK ZSS",bdu?,BEGKMSVX
1991,15,NULL,"Niedersa?chs. ZK",bdu?,BEGKMSVXT
1992,16,NULL,"ZK Sachsen Anhalt",bdu?,BEGKMSVX
1993,292,NULL,"ZK Thu?ringen",bdu?,BEGKMSVX
1994,14,NULL,"Norddeutscher ZK",bdu?,BEGKMSVX
1996,15,NULL,"ZR Formalerschließung",bdu?,BEGKMSVX
1997,16,NULL,"ZK Sachsen-Anhalt",bdu?,BEGKMSVX
1999,1,DE-601,"GBV/VZG <601>",bdu?,BEGKMSVX
1999/0001,1,NULL,"BRZN ABT 1",NULL,NULL
1999/0090,1,NULL,"VZG Abteilung DigiBib <123>",bdfsu?,ABEKT
1999/0999,1,NULL,"VZG Bibserv",NULL,NULL
1999/1000,1,NULL,"VZG freie kennungen",NULL,NULL
2004,19,NULL,ZDB,NULL,NULL
2011,19,NULL,GKD,NULL,NULL
2012,19,NULL,GND,NULL,NULL
2013,19,NULL,PND,NULL,NULL
2014,19,NULL,Basisklassifikation,NULL,NULL
2015,19,NULL,IKAR,NULL,NULL
2016,1,NULL,"Swets Blackwell",NULL,NULL
2017,394,NULL,IWF,NULL,NULL
2023,396,NULL,"British Library",NULL,NULL
2028,19,NULL,VD17,NULL,NULL
2030,374,NULL,Nationallizenzen,NULL,NULL
2031,703,NULL,Springer,NULL,NULL
2034,19,NULL,VD16,NULL,NULL
2045,703,NULL,Verlagsdaten,NULL,NULL
2049,19,NULL,VD18,NULL,NULL
2110,6,NULL,"HEBIS Bestand",NULL,NULL
2111,2,NULL,"HBZ Bestand",NULL,NULL
2112,3,NULL,"BVB Bestand",NULL,NULL
2113,4,NULL,"BSZ Bestand",NULL,NULL
2114,5,NULL,"KOBV Bestand",NULL,NULL
2115,9,NULL,"OeBV Bestand",NULL,NULL
3007,40,NULL,"NZK Go? RETRO <7>",NULL,NULL
3014,636,DE-H357,"Inst. Sozialforschung HH <H 357>",NULL,NULL
3027,170,NULL,"PTB Braunschweig + Berlin",bdu?,BEGKMSVX
3027/0001,170,DE-Bs68,"Braunschweig PTB",bdu?,BEGKMSVX
3027/0002,170,DE-B108,"Berlin PTB",bdu?,BEGKMSVX
3041,41,NULL,"Fak.  Forst. Go? <Hn 1>",NULL,BEGKMSVX
3041/0011,41,NULL,"Inst. Forstpol. Go? <7/512>",NULL,NULL
3042,42,NULL,"Zentrale Einrichtgn Uni Go?",NULL,BEGKMSVX
3042/0133,42,NULL,"Inst. Sportw. Go? <7/133>",NULL,NULL
3042/0902,42,NULL,"Sprachlehrzentrum  <7/902>",NULL,NULL
3042/0904,42,NULL,"Infothek Studienzentrale <7/904>",NULL,NULL
3042/0913,42,NULL,"Frauenbu?ro der Uni Go? <7/913",NULL,NULL
3043,43,NULL,"WiSo Fak Go?",bdu,BEGKMSVX
3043/0000,43,NULL,"Wiso Bibliographie Go?",NULL,NULL
3043/0066,43,NULL,"Inst. fu?r Ethnologie Go? <7/0",NULL,NULL
3043/0148,43,NULL,"FB WiSo Go? <7/148>",NULL,NULL
3043/0165,43,NULL,"Ibero-Amerika Inst. <7/165>",NULL,NULL
3044,44,NULL,"Bibl. Fachdidakt. Pa?d. Psych.",bdu,BEGKMSVX
3044/0006,44,NULL,"Inst. f. Psychologie <7/006>",NULL,NULL
3044/0050,44,NULL,"Pa?dagogisches Sem. Go? <7/050",NULL,NULL
3044/0160,44,NULL,"FB Erziehungswiss. Go? <7/160>",NULL,NULL
3045,45,NULL,"Jur. Fak. Go?",bdu,BEGKMSVX
3045/0037,45,NULL,"Juristisches Sem. <7/037>",NULL,NULL
3045/0041,45,NULL,"Inst. f. Vo?lkerrecht <7/041>",NULL,NULL
3045/0118,45,NULL,"Inst.f.Landwirtsch.Recht <7/118>",NULL,NULL
3045/0155,45,NULL,"Abt. Ro?m.u.Gem. Recht <7/155>",NULL,NULL
3045/0200,45,NULL,"Inst. f. Arbeitsrecht <7/200>",NULL,NULL
3045/0201,45,NULL,"Inst. Allg. Staatslehre <7/201>",NULL,NULL
3047,47,NULL,"MPI Sonnensystem <Lin 1B>",bdu,BEGKMSVX
3048,48,NULL,"MPI Exp. Med.<Go? 134>",bdu?,BEGKMSVX
3048/0134,48,NULL,"MPI Exp. Med.<Go? 134>",NULL,NULL
3049,49,NULL,"MPI MMG <Go? 164>",bdu,BEGKMSVX
3053,53,NULL,"HAWK HHG",bdu?,BEGKMSVX
3053/0001,53,DE-Hil3-1,"Göttingen HAWK Natwiss.",bdu?,BEGKMSVX
3053/0002,53,DE-Hil3-2,"Göttingen HAWK",bdu?,BEGKMSVX
3054,54,NULL,"Phil. Fak. Go?",NULL,NULL
3054/0023,54,NULL,"Althist. Seminar Go? <7/23>",NULL,NULL
3054/0024,54,NULL,"Romanische Philologie Go? <7/02",NULL,NULL
3054/0025,54,NULL,"Sprachforschung <7/025>",NULL,NULL
3054/0029,54,NULL,"Sem. Engl. Phil.Go? <7/29>",NULL,NULL
3054/0032,54,NULL,"Philos. Seminar Go? <7/032>",NULL,NULL
3054/0040,54,NULL,"Sem. Slav. Phil. Go? <7/40>",NULL,NULL
3054/0051,54,NULL,"Ostasiatisches Seminar <7/051>",NULL,NULL
3054/0052,54,NULL,"Sem. Dt. Philologie Go? <7/52>",NULL,NULL
3054/0053,54,NULL,"Sem. Gesch. Go? <7/53>",NULL,NULL
3054/0055,54,NULL,"Kunstgesch. Sem. Go? <7/55>",NULL,NULL
3054/0056,54,NULL,"Musikwiss. Sem Go? <7/056>",NULL,NULL
3054/0068,54,NULL,"Sem Ur- Fru?hgesch. Go? <7/068",NULL,NULL
3054/0115,54,NULL,"Sem. Arab. Go? <7/115>",NULL,NULL
3054/0138,54,NULL,"Skandinavisches Sem. <7/138>",NULL,NULL
3054/0139,54,NULL,"Inst. Kulturanthropol Go? <7/13",NULL,NULL
3054/0140,54,NULL,"Finnisch-Ugrisches Sem. <7/140>",NULL,NULL
3054/0141,54,NULL,"Indologie+Buddhismus <7/141>",NULL,NULL
3054/0142,54,NULL,"Sem. A?gyptologie Go? <7/142>",NULL,NULL
3054/0151,54,NULL,"Sem. Klass. Philologie <7/151",NULL,NULL
3054/0159,54,NULL,"Sem f. Keilschrift Go? <7/159>",NULL,NULL
3054/0222,54,NULL,"Inst. Hist. Landesf. Go? <7/222",NULL,NULL
3054/0223,54,NULL,"Bibl. Mittelalter <7/223>",NULL,NULL
3054/0224,54,NULL,"Inst. Wiss. gesch. Go? <7/224>",NULL,NULL
3054/0301,54,NULL,"Christl. Archaeologie <7/301>",NULL,NULL
3054/0722,54,NULL,"Inst. Hist. Landesf. Go? <7/222",NULL,NULL
3055,55,NULL,"MPI OHB <Go? 116>",bdu?,BEGKMSVX
3056,56,NULL,"Fak. Physik Go?",bdu,BEGKMSVX
3056/0057,56,NULL,"Inst. fu?r Geophysik <7/057>",NULL,NULL
3059,59,NULL,"MPI Dynamik Selbstorg",bdu,BEGKMSVX
3064,64,NULL,"ULB Halle Uni. Bibliographie",NULL,NULL
3066,66,NULL,"HS Kunst Design Halle <Ha 125>",bdu?,BEGKMSVX
3077,77,NULL,"Nds. Landtag <Hv 14>",bdu?,BEGKMSVX
3089,89,NULL,"Bibliotheksschule Hannover",bdu,BEGKMSVX
3090,90,DE-Hil2,"Hildesheim UB",bdu?,BEGKMSVX
3091,91,NULL,"HAWK HHG",NULL,BEGKMSVX
3091/0003,91,DE-Hil3-3,"Holzminden HAWK",u?,BEGKMSVX
3091/0004,91,NULL,"HAWK HHG <Hil 3/4>",NULL,NULL
3091/0005,91,NULL,"HAWK HHG <Hil 3/5>",NULL,NULL
3091/0006,91,NULL,"HAWK HHG <Hil 3/6>",NULL,NULL
3091/0007,91,NULL,"HAWK HHG <Hil 3/3>",u?,BEGKMSVX
3091/0009,91,NULL,"HAWK HHG <Hil 3>",NULL,NULL
3095,95,NULL,"FH  Merseburg <542>",bdu?,BEGKMSVX
3095/0001,95,DE-542,"Merseburg FH",bdu?,BEGKMSVX
3095/0002,95,NULL,"ULB ZWB Tech Mers.<3/55>",bdu?,BEGKMSVX
3096,96,NULL,"Hamburger Gerichtsbibliotheken",bdu?,BEGKMSVX
3096/0001,96,NULL,"Gerichtsbibl. Lu?b. Tor. <H 358",NULL,NULL
3096/0002,96,NULL,"Landessozialgericht HH <H 123>",NULL,NULL
3096/0003,96,NULL,"Landesarbeitsgericht HH <H 359>",NULL,NULL
3096/0004,96,NULL,"Hanseatisches OLG <H 50>",NULL,NULL
3099,99,NULL,"FHR Nord Hildesheim",NULL,NULL
3099/0004,99,NULL,"Nds FHVR Polizei HMU?",NULL,NULL
3099/0005,99,NULL,"NDSFHVR Polizei OL",NULL,NULL
3100,100,DE-Ma9,"Magdeburg UB",bdu?,BEGKMSVX
3100/0001,100,NULL,"FB Erz.wiss. <Ma 9/1>",bdu?,BEGKMSVX
3101,101,DE-Ma14,"Magdeburg Med. ZB",bdu?,BEGKMSVX
3101/0045,101,NULL,"Inst. fu?r Neurobiologie <MA 45",NULL,NULL
3101/0333,101,DE-3101,"FLplus MZB Magdeburg",NULL,NULL
3109,109,NULL,"Med. Fak. Go?",NULL,NULL
3109/0011,109,NULL,"Zentrum Physiologie <7/011>",NULL,NULL
3109/0048,109,NULL,"Abt. Psychiatrie <7/048>",NULL,NULL
3109/0154,109,NULL,"Abt. Ethik Gesch. Med. <7/154>",NULL,NULL
3109/0728,109,NULL,"Med Psychologie u.Soz Go? <7/72",NULL,NULL
3109/0907,109,NULL,"Akademie Ethik i.d.Med <7/907>",NULL,NULL
3110,110,DE-Luen4,"Lüneburg UB",bdu?,BEGKMSVX
3110/0001,110,DE-Luen4-1,"Lüneburg UB/FB Sozialwes.",bdu?,ABEGKMSVX
3110/0002,110,NULL,"UB Lu?neburg / TB Volgershall",bdu?,BEGKMSVX
3110/0005,110,NULL,"UB Lu?neburg/Teilbib. Suderburg",bdu?,BEGKMSVX
3110/0333,110,DE-Luen4,"Lüneburg UB",NULL,NULL
3113,113,NULL,"Staatsarchiv Hamburg <H 46>",NULL,NULL
3114,114,NULL,"Polizei / HdP Hamburg <18/301>",NULL,NULL
3114/0002,114,NULL,"FH LPS HH <18/301>",NULL,NULL
3119,119,NULL,"Thu?r. Beho?rdenbibl. Erfurt",NULL,NULL
3119/0001,119,NULL,"Thu?r. Min. Wissenschaft <Ef 28",NULL,NULL
3119/0002,119,NULL,"Bibl. Thu?ringer Landtag",NULL,NULL
3119/0003,119,NULL,"Bibl. Thu?ring. Justizministeri",NULL,NULL
3119/0004,119,NULL,"Thu?ringer Staatskanzlei",NULL,NULL
3119/0005,119,NULL,"Thu?ringer Innenministerium",NULL,NULL
3119/0006,119,NULL,"Bibl. Thu?ring. Finanzministeri",NULL,NULL
3119/0007,119,NULL,"Thu?r. Min. Landw. Natur. Umwel",NULL,NULL
3119/0008,119,NULL,"Min. Soziales Familie Gesundheit",NULL,NULL
3119/0009,119,NULL,"Thu?r. Min. Wirtschaft u. Arbei",NULL,NULL
3119/0010,119,NULL,"Thu?r. Kultusministerium",NULL,NULL
3119/0011,119,NULL,"Bildungszentrum Gotha/VwFS <G11>",NULL,NULL
3119/0012,119,NULL,"Thu?r. Landesamt fu?r Statisti",NULL,NULL
3119/0013,119,NULL,"Landgericht Erfurt <Ef 21>",NULL,NULL
3119/0014,119,NULL,"Justizzentrum Erfurt",NULL,NULL
3119/0015,119,NULL,"Landgericht Mu?hlhausen",NULL,NULL
3119/0016,119,NULL,"Thu?r. Finanzgericht",NULL,NULL
3119/0017,119,NULL,"Staatsanwaltschaft Mu?hlhausen",NULL,NULL
3119/0018,119,NULL,"Sozialgericht Nordhausen",NULL,NULL
3120,467,DE-580,"Erfurt Lfachstelle ÖB Thür.",bdu?,BEGKMSVX
3121,468,DE-Ha162,"Halle/Saale Fachstelle öffB",bdu?,BEGKMSVX
3122,604,NULL,"Ehem. UB Helmstedt <Hel 1>",NULL,NULL
3124,664,DE-Brk1,"NMZ Breklum <Brk 1>",NULL,NULL
3128,128,NULL,"Mathem. Fak. Go?",NULL,NULL
3128/0003,128,NULL,"Mathematisches Inst. <7/003>",NULL,NULL
3128/0027,128,NULL,"Inst. Math. Stochastik <7/027>",NULL,NULL
3128/0157,128,NULL,"Inst. Num. Math. <7/157>",NULL,NULL
3128/0401,128,NULL,"Inst. Num. Math. Go? <7/401>",NULL,NULL
3129,129,NULL,"Fak. Agrarwiss. Go?",NULL,NULL
3129/0038,129,NULL,"Inst. Tierzucht Go? <7/38>",NULL,NULL
3129/0060,129,NULL,"Pflanzenbau/Pflanzenzu?ch <7/06",NULL,NULL
3129/0061,129,NULL,"Agraro?konomie Go? <7/061>",NULL,NULL
3129/0064,129,NULL,"Inst. Tierphysiologie <7/064>",NULL,NULL
3129/0132,129,NULL,"Inst. f. Agrartechnik  <7/132>",NULL,NULL
3129/0143,129,NULL,"Inst. Pfl. path. Schutz <7/143>",NULL,NULL
3129/0153,129,NULL,"Rurale Entw. Go? <7/153>",NULL,NULL
3129/0156,129,NULL,"Tropenpflanzenbau <7/15>",NULL,NULL
3129/0602,129,NULL,"Abt. Agrarpedologie <7/602>",NULL,NULL
3131,131,NULL,"UB Vechta <Va 1>",bdu?,BEGKMSVX
3134,134,NULL,"ZGG Go?ttingen",bdu,BEGKMSVX
3149,149,NULL,"Theol. Fak. Go?",NULL,NULL
3149/0042,149,NULL,"Verein. Theol. Sem. <7/042>",NULL,NULL
3157,157,NULL,"Ostfries. Landschaft <Au 3>",bdu?,BEGKMSVX
3158,158,NULL,"Biol. Fak. Go?",bdu,BEGKMSVX
3158/0030,158,NULL,"Inst. Zoologie-Anthropol <7/030>",NULL,NULL
3158/0067,158,NULL,"Abt. Entwick. Physiol. <7/067>",NULL,NULL
3158/0127,158,NULL,"System. Botanik Go? <7/127>",NULL,NULL
3158/0128,158,NULL,"Inst. Mikrobiol/Gen. Go? <7/128",NULL,NULL
3159,159,NULL,"Selbst. Assoziierte Bibl. Go?",bdu,BEGKMSVX
3159/0001,159,NULL,"Genealogischer Verein <7/908>",NULL,NULL
3162,162,DE-Bv3,"Bremerhaven DSM WGL",d?,BEGKMSVX
3168,168,DE-Bst1,"Forschungszentr. Borstel <Bst 1>",NULL,NULL
3173,173,NULL,"frei ehem. ISNM Lu?beck",NULL,NULL
3175,279,NULL,"MPI MF Heidelberg <He 43>",NULL,NULL
3178,178,NULL,"Univ. Bibliographie Magdeburg",NULL,NULL
3181,181,NULL,"PKB (Museen) Berlin",NULL,NULL
3181/0001,181,NULL,"Digitale Bibliothek",NULL,NULL
3181/0010,181,NULL,"Kunstbibl. Kulturforum <B11>",NULL,NULL
3181/0011,181,NULL,"Lipperheid. Kostu?mbibl.",NULL,NULL
3181/0012,181,NULL,"Kunstbibl. Museumsinsel <B11a>",NULL,NULL
3181/0014,181,NULL,"Zentralarchiv Staatl. Museen",NULL,NULL
3181/0015,181,NULL,"Archa?ologische Bibliothek",NULL,NULL
3181/0020,181,NULL,"Ethnologisches Museum <B11b>",NULL,NULL
3181/0030,181,NULL,"Museum Europ. Kulturen <B 11c>",NULL,NULL
3181/0040,181,NULL,"Museum Vor- Fru?hgesch. <B 11d>",NULL,NULL
3181/0050,181,NULL,"Inst. fu?r Museumskunde <B 11e>",NULL,NULL
3181/0060,181,NULL,"A?MP <B 11f>",NULL,NULL
3181/0061,181,NULL,"Papyrussammlung Berlin <B 11f>",NULL,NULL
3181/0070,181,NULL,"Antikensammlung <B 11g>",NULL,NULL
3181/0080,181,NULL,"Museum fu?r Fotografie",NULL,NULL
3181/0090,181,NULL,"Gema?ldegalerie Berlin <B 11h>",NULL,NULL
3181/0100,181,NULL,"Kunstgewerbemuseum <B 11i>",NULL,NULL
3181/0110,181,NULL,"Kupferstichkabinett <B 11k>",NULL,NULL
3181/0120,181,NULL,"Museum Ind. Kunst <B 11m>",NULL,NULL
3181/0130,181,NULL,"Museum Islam. Kunst <B 11n>",NULL,NULL
3181/0140,181,NULL,"Mus. Ostasiat. Kunst <B 11o>",NULL,NULL
3181/0150,181,NULL,"Mu?nzkabinett Berlin <B 11p>",NULL,NULL
3181/0160,181,NULL,"Alte Nationalgalerie<B 11q>",NULL,NULL
3181/0170,181,NULL,"Neue Nationalgalerie <B 11r>",NULL,NULL
3181/0180,181,NULL,"Hamburger Bahnhof Berlin <B 11s>",NULL,NULL
3181/0190,181,NULL,"Skulpturensammlung Berlin <B11t>",NULL,NULL
3181/0191,181,NULL,"Museum f. Byzantin. Kunst <B11u>",NULL,NULL
3181/0200,181,NULL,"Vorderasiatisches Museum <B 11v>",NULL,NULL
3181/0210,181,NULL,"Rathgen-Forsch. Labor<B 11w>",NULL,NULL
3184,184,DE-H360,"Bucerius Law School <H 360>",NULL,NULL
3188,188,NULL,"Thu?r. Beho?rdenbibl. Jena",NULL,NULL
3188/0001,188,NULL,"Thu?r. LA Umwelt u. Geologie",NULL,NULL
3188/0002,188,NULL,"Thu?ringer OLG <J 153>",NULL,NULL
3188/0003,188,NULL,"Thu?r. Generalstaatsanwaltschaf",NULL,NULL
3188/0004,188,NULL,"Landgericht Gera",NULL,NULL
3188/0005,188,NULL,"Verwaltungsgericht Gera",NULL,NULL
3188/0006,188,NULL,"Staatsanwaltschaft Gera",NULL,NULL
3188/0007,188,NULL,"Sozialgericht Altenburg",NULL,NULL
3194,194,NULL,"BFA Forst Holz HH <H 105>",bdu?,BEGKMSVX
3195,195,NULL,"Inst. Pflanz. Biol. <Ha 93>",NULL,NULL
3196,196,NULL,"Fak. Geowiss. Go?",NULL,NULL
3196/0016,196,NULL,"Geowiss. Bibliothek  <7/016>",NULL,NULL
3196/0022,196,NULL,"Geogr. Inst.  <7/022>",NULL,NULL
3197,197,NULL,"Fak. Chemie Go?",NULL,NULL
3197/0001,197,NULL,"Inst. Organische Chemie <7/001>",NULL,NULL
3197/0058,197,NULL,"Inst.Anorganische Chemie <7/058>",NULL,NULL
3197/0059,197,NULL,"Inst.Physikalische Chem. <7/059>",NULL,NULL
3198,198,NULL,"Marktkirche Goslar",NULL,NULL
3200,200,NULL,"Nds. Hauptstaatsarchiv <Hv 4>",NULL,NULL
3202,202,NULL,"Dt. Meeresmuseum <Sra 6>",NULL,NULL
3204,204,NULL,"UFB Erfurt/Gotha Uni.Bibliograph",NULL,NULL
3205,205,NULL,"UFB Erfurt/Gotha Forschungsdok",NULL,NULL
3207,207,DE-1041,"Heide FH Westküste",bdu?,BEGKMSVX
3215,215,DE-Ma54,"Magdeburg MPI DKTS,MA <Ma 54>",bdu?,BEGKMSVX
3215/7000,215,DE-Ma54,"Magdeburg MPI DKTS",bdu?,BEGKMSVX
3218,218,NULL,"Inst. Ost-West-Fragen Lu?neburg",NULL,NULL
3224,224,NULL,"IAMO Halle",NULL,NULL
3225,225,NULL,"MFPA  Weimar <Wim 21>",bdu?,BEGKMSVX
3226,226,NULL,"ZK O?B Niedersachsen",bdu?,BEGKMSVX
3233,233,NULL,"Nds. FH Verwalt. Recht <18/299>",NULL,NULL
3233/0001,233,NULL,"Nds. FH Verwaltung und Recht",NULL,NULL
3234,234,NULL,"Muthesius HS Kiel <572>",NULL,NULL
3235,235,NULL,"AHB-Bibliotheken Hannover",NULL,NULL
3235/0001,235,DE-Hv128,"Bibl. Nds. Sozialmin. <Hv 128>",NULL,NULL
3235/0002,235,NULL,"Bibl. Oberfinanzdirektion Hann.",NULL,NULL
3235/0003,235,NULL,"Bibl. Landgericht Hannover",NULL,NULL
3235/0004,235,NULL,"Nds. Min. fu?r Wirtschaft",NULL,NULL
3235/0005,235,DE-Hv131,"Nds. Min. Landw.,Hann <Hv 131>",NULL,NULL
3235/0006,235,NULL,"Nds. Umweltministerium",NULL,NULL
3235/0007,235,NULL,"Nds. Min. Wiss. Kultur",NULL,NULL
3235/0008,235,DE-Hv133,"Nds. Justizministerium <Hv 133>",NULL,NULL
3235/0009,235,NULL,"Nds. Kultusministerium",NULL,NULL
3235/0010,235,DE-Hv110,"Hannover Staatskanzlei",u?,BEGKMSVX
3235/0011,235,NULL,"Verwaltungsgericht Hannover",NULL,NULL
3235/0012,235,DE-Hv118,"Sozialgericht Hannover <Hv 118>",NULL,NULL
3235/0013,235,NULL,"Nds. Finanzgericht Hannover",NULL,NULL
3235/0014,235,NULL,Landesversicherungsanstalt,NULL,NULL
3235/0015,235,NULL,"Nds. Landesamt f. Bezu?ge <Go?",NULL,NULL
3235/0016,235,NULL,"Nds. Landesamt Soziale Aufgaben",NULL,NULL
3235/0017,235,NULL,"Landesarbeitsamt Nds.-Bremen",NULL,NULL
3235/0018,235,NULL,"Landesarbeitsgericht Nds.",NULL,NULL
3235/0019,235,NULL,"Landkreis Hannover",NULL,NULL
3235/0020,235,NULL,"Nds. Oberverwaltungsger. <Lu?n",NULL,NULL
3235/0021,235,NULL,"EKD Bibliothek <Hv 134>",NULL,NULL
3235/0022,235,NULL,"Norddt. Metall-Berufsgen.",NULL,NULL
3235/0023,235,NULL,Bau-Berufsgenossenschaft,NULL,NULL
3235/0024,235,NULL,"Hochschul-Inform. System GmbH",NULL,NULL
3235/0025,235,DE-Hil4,"Hildesheim Landesb.Wasserw.",bdu?,BEGKMSVX
3235/0026,235,DE-Hil5,"Nds. Landesrechnungshof <Hil 5>",NULL,NULL
3235/0027,235,NULL,"Landgericht Hildesheim",NULL,NULL
3235/0029,235,NULL,"LSG Celle <G 29>",NULL,NULL
3235/0030,235,NULL,"OLG Celle <Ce 2>",NULL,NULL
3235/0031,235,NULL,"OLG Oldenburg <940>",NULL,NULL
3235/0032,235,NULL,"Polizeiakademie Niedersachsen",NULL,NULL
3235/0033,235,NULL,"Fu?rstl. Schaumb. Lipp. Hofbibl",NULL,NULL
3235/0034,235,NULL,"Nds. Innenministerium <Hv 126>",NULL,NULL
3235/0099,235,NULL,"NLF B Hannover",NULL,NULL
3237,237,NULL,"Leucorea Wittenberg <Wb 12>",NULL,NULL
3238,238,NULL,"FES Bonn <Bo 133>",bdu?,BEGKMSVX
3239,239,DE-J126,"MPI Chem. O?kol.,Jena <J 126>",NULL,NULL
3241,241,NULL,"SIM-PK Berlin <B 763>",NULL,NULL
3244,244,NULL,"Geheimes Staatsarchiv PK",NULL,NULL
3245,245,NULL,"Thu?r. Beho?rdenbibl. Ilmenau",NULL,NULL
3245/0001,245,NULL,"Thu?r. LA Mess- Eichwesen",NULL,NULL
3245/0002,245,NULL,"Justizmin. Meiningen",NULL,NULL
3245/0003,245,NULL,"VerwaltungsFH Polizei",NULL,NULL
3250,250,DE-Ga20,"Gera Studienakad.",bu?,BEGKMSVX
3258,258,NULL,"FH Rotes Kreuz Go?ttingen",NULL,NULL
3259,259,NULL,"MPI Ornithologie <Star 1>",NULL,NULL
3260,200,NULL,"Nds. Hauptstaatsarchiv <Hv 4>",NULL,NULL
3262,362,NULL,"Kirchenmusik Bibl. Hamburg",NULL,NULL
3263,263,NULL,"MPI  Biomedizin Mu?nster",NULL,NULL
3264,264,DE-897-1,"Elsfleth Jade Hochschule",bdu?,BEGKMSVX
3271,271,NULL,"Institutsbibliothek Genshagen",NULL,NULL
3280,280,NULL,"AdW Go?ttingen",NULL,NULL
3280/0001,280,NULL,"Enzyklop. d. Maerchens <7/906>",NULL,NULL
3280/0003,280,NULL,"Gelehrte Journale",NULL,NULL
3280/0906,280,NULL,"Enzyklop. d. Maerchens <7/906>",NULL,NULL
3280/0911,280,NULL,"Sanskrit-Wo?rterbuch <7/911>",NULL,NULL
3281,281,DE-Ei6,"Eisenach BA",bdu?,BEGKMSVX
3282,282,NULL,"IFM Wolfen <Wol 5>",NULL,NULL
3283,283,NULL,"MPI ethnol. Forschung <Ha 163>",NULL,NULL
3285,175,NULL,"Inst Wirtschaftsforsch. <M 158a>",NULL,NULL
3286,286,DE-Hbg1,"Hermannsburg FH",bdu?,BEGKMSVX
3287,287,NULL,"Bibl. A?rztl. Verein HH <H 20>",NULL,NULL
3288,288,NULL,"HAAB Weimar Bibliographie",NULL,NULL
3289,289,NULL,"ULB Halle Regionalbibliographie",NULL,NULL
3290,290,NULL,"MPI Molek. Zellbiologie <D 267>",NULL,NULL
3291,291,DE-Jor1,"ESTEBURG Jork <Jor 1>",NULL,NULL
3293,293,DE-960-3,"Hannover Kurt-Schwitters-Forum",bdu?,BEGKMSVX
3293/0001,293,NULL,"Teilbibl. Kunst Design der HsH",bdu?,BEGKMSVX
3293/0002,293,NULL,"Teilbibl. Journalistik der HMTMH",NULL,NULL
3293/0333,293,DE-960-3,"Hannover Kurt-Schwitters-Forum",NULL,NULL
3294,294,NULL,"Thu?r. Beho?rdenbibl. Weimar",NULL,NULL
3294/0001,294,NULL,"Thu?r. Landesverwaltungsamt",NULL,NULL
3294/0002,294,NULL,"Thu?r. Verfassungsgerichtshof",NULL,NULL
3294/0003,294,NULL,"Verwaltungsgericht Weimar",NULL,NULL
3294/0004,294,NULL,"TLDA Weimar <Wim 7>",u?,BEGKMSVX
3294/0005,294,NULL,"Thu?r. Hauptstaatsarch. Weimar",NULL,NULL
3295,295,NULL,"VDG Du?sseldorf <Du? 55>",NULL,NULL
3296,296,NULL,"Goethe-Institute, Mu?nchen",NULL,NULL
3297,297,NULL,"LA Denkmalpflege Kiel",NULL,NULL
3298,298,NULL,"Kloster St. Marienberg",NULL,NULL
3300,300,NULL,"Produktionstechn. Zentr. Hann.",NULL,NULL
3307,211,NULL,"IPK Gatersleben <Gat 1>",bdu?,BEGKMSVX
3309,171,NULL,"Leopoldina Halle <Ha 2>",bdu?,BEGKMSVX
3310,278,NULL,"Marienbibl. <Ha 32>",bdu?,BEGKMSVX
3311,123,NULL,"Franckesche Stift. <Ha 33>",bdu?,BEGKMSVX
3313,135,NULL,"LDA Halle <Ha 91>",bdu?,BEGKMSVX
3313/0001,135,NULL,"LDA Halle <Ha 115>",bdu?,BEGKMSVX
3315,153,NULL,"MPI Mikrostrukt. Halle <Ha 94>",bdu?,BEGKMSVX
3318,444,DE-Ha101,"Halle/S Händel-Haus Halle <Ha 101>",bdu?,BEGKMSVX
3329,118,NULL,"HSB HSAnhalt <Kt 1>",bdu?,BEGKMSVX
3329/0004,118,NULL,"Stiftung Bauhaus Dessau",NULL,NULL
3336,212,NULL,"Inst. f. Neurobiol. (ungu?ltig)",bdu?,BEGKMSVX
3345,345,NULL,"Ev. Pred. Sem.<Wb 1>",bdu?,BEGKMSVX
3346,384,NULL,"Stift. Luthergedenkst.<Wb 2>",bdu?,BEGKMSVX
3349,236,NULL,"UB Chemnitz <Ch 1>",NULL,NULL
3350,206,NULL,"HSB Theol. HS Friedensau <Brg 3>",bdu?,BEGKMSVX
3350/0001,206,NULL,"V. f. Freikirchenf. Mu?nster",NULL,NULL
3368,582,DE-Wb6,"Wittenberg StB",bdu?,BEGKMSVX
3369,412,DE-Na6,"Naumburg/S. StB",bdu?,BEGKMSVX
3370,413,DE-Z4,"Zeitz StB",bdu?,BEGKMSVX
3372,415,DE-Mer12,"Merseburg StB",bdu?,BEGKMSVX
3374,416,DE-Sw2,"Salzwedel StuKrsB",bdu?,BEGKMSVX
3375,417,DE-Gad1,"Gardelegen StuKrsB",bdu?,BEGKMSVX
3376,418,DE-Gai1,"Gräfenhainichen StB",bdu?,BEGKMSVX
3377,419,DE-Ko1,"Klötze StuKrsB",bdu?,BEGKMSVX
3379,420,DE-Gen2,"Genthin StuKrsB",bdu?,BEGKMSVX
3380,470,DE-Ste3,"Stendal StB",bdu?,BEGKMSVX
3381,421,DE-We5,"Ilsenburg StB",bdu?,BEGKMSVX
3383,422,DE-1906,"Jessen StB",bdu?,BEGKMSVX
3385,423,DE-Ze2,"Zerbst StB",bdu?,BEGKMSVX
3386,435,DE-Bbg10,"Bernburg StB",bdu?,BEGKMSVX
3390,199,NULL,"Zentrum Med. Psych. Go?",NULL,NULL
3395,436,DE-1908,"Braunsbedra StB",bdu?,BEGKMSVX
3400,32,DE-Ilm1,"Ilmenau UB",bdu?,BEGKMSVX
3400/0333,32,DE-Ilm1,"Ilmenau UB",NULL,NULL
3401,63,DE-Wim2,"Weimar UB",bdu?,BEGKMSVX
3402,98,DE-Wim8,"Weimar HS Musik",bdu?,BEGKMSVX
3404,625,NULL,"Bibl. FH Zittau <Zi 4>",bdu?,BEGKMSVX
3405,152,DE-Shm2,"Schmalkalden FH",bdu?,BEGKMSVX
3406,150,DE-J59,"Jena FH",bdu?,BEGKMSVX
3407,581,DE-Ws6,"Weißenfels StB",bdu?,BEGKMSVX
3418,789,DE-Wim11,"Bad Berka Zentralklinik <Wim 11>",bdu?,BEGKMSVX
3443,426,DE-1900,"Leuna StB",bdu?,BEGKMSVX
3491,491,NULL,"Deutsches Studienzentrum Venedig",NULL,NULL
3496,496,NULL,"Orient-Institut Beirut <Y 9>",NULL,NULL
3501,68,NULL,"ZBW - Standort Hamburg <206 H>",bu?,BEGKMSVX
3501/0333,68,NULL,"FLplus HWWA Hamburg",NULL,NULL
3502,142,NULL,"FB Erz.wiss. HH <18/232>",bdu?,BEGKMSVX
3510,141,NULL,"FB WiWi HH <18/261>",bdu?,BEGKMSVX
3517,183,NULL,"Beho?rdenbibl. Hamburg",NULL,NULL
3517/0001,183,NULL,"BSU Bibl. Geowiss. <H 144>",NULL,NULL
3517/0002,183,NULL,"ZBi Hamburg <H 216>",NULL,NULL
3517/0003,183,NULL,"Amt Gesundheit HH <H 23>",NULL,NULL
3517/0004,183,NULL,"BSU HH Stadtentw.  <H 184>",NULL,NULL
3517/0005,183,NULL,"Justizbeho?rde Hamburg <H 367>",NULL,NULL
3517/0006,183,NULL,"Wirtschaftsbeho?rde <H197>",NULL,NULL
3517/0007,183,NULL,"Hamburg Port Authority <H 38>",NULL,NULL
3517/0008,183,NULL,"BSU HH - Umwelt <H364>",NULL,NULL
3517/0009,183,NULL,"Beh. Soz. Gesundheit",NULL,NULL
3519,185,DE-Sra5,"Stralsund FH",bdu?,BEGKMSVX
3520,187,DE-Ki95,"Kiel FH",bdu?,BEGKMSVX
3520/0001,187,NULL,"FH Kiel Bauwesen <Ki 95/1>",bdu?,BEGKMSVX
3520/0002,187,DE-Ki95-2,"Kiel FH Landbau Osterrönfeld",bdu?,BEGKMSVX
3520/0003,187,NULL,"FH Kiel Zentralbibl. <Ki 95/3>",bdu?,BEGKMSVX
3520/0004,187,NULL,"FH Kiel Computermuseum <Ki 95/4>",NULL,NULL
3520/0005,187,DE-Ki95,"Kiel FH",bdu?,BEGKMSVX
3522,203,NULL,"Museen+Denkmalschutzamt HH",NULL,NULL
3522/0001,203,DE-H210,"Helms-Museum <H 210>",NULL,NULL
3522/0002,203,DE-H189,"Denkmalschutz Amt HH <H 189>",NULL,NULL
3522/0003,203,DE-H353,"Museum d. Arbeit HH <H 353>",NULL,NULL
3522/0004,203,DE-H13,"Kunsthalle HH <H 13>",NULL,NULL
3522/0005,203,DE-H103,"Altonaer Museum <H 103>",NULL,NULL
3522/0006,203,DE-H77,"Museum Hamb. Geschichte <H 77>",NULL,NULL
3522/0007,203,DE-H22,"Museum Kunst Gewerbe HH <H 22>",NULL,NULL
3522/0008,203,DE-H16,"Museum Vo?lkerkunde HH <H 16>",NULL,NULL
3522/0009,203,DE-H366,"KZ-Gedenksta?tte Neuengamme",NULL,NULL
3524,191,NULL,"Lehrerbibliothek HH <H 155>",NULL,NULL
3526,136,DE-Wis1,"Wismar HS",bdu?,BEGKMSVX
3526/0333,136,DE-Wis1,"Wismar HS",NULL,NULL
3527,137,NULL,"Zentrale HS Flensburg <Fl 3>",NULL,NULL
3528,147,DE-Fl3,"Flensburg UB",bdu?,BEGKMSVX
3529,148,DE-Lue12,"Musik HS Lu?beck <Lu? 12>",NULL,NULL
3533,254,NULL,"BNI Tropenmedizin HH <H 11>",bdu?,BEGKMSVX
3537,257,DE-H99,"Hamburg Nordelb. KB",f,BEGKMSVX
3541,174,NULL,"Strom-u.Hafenbau HH <H 38>",NULL,NULL
3545,228,NULL,"ZB Beho?r. Hamurger Str.<H 216>",NULL,NULL
3545/0002,228,NULL,"Amt f. Gesundheit <H 23>",NULL,NULL
3549,612,NULL,"BA Seeschifffahrt <H 2>",bdu?,BEGKMSVX
3550,33,NULL,"Hamburg Bibliographie",NULL,NULL
3551,34,NULL,"HAW Hamburg",bdu,BEGKMSVX
3551/0001,34,NULL,"Bibl. HafenCity Univ. <18/17>",NULL,NULL
3551/0002,34,NULL,"HAW TWI <18/302>",NULL,NULL
3551/0004,34,NULL,"HAW FB Life Sciences <18/284>",NULL,NULL
3551/0005,34,NULL,"HAW FB Design <18/285>",NULL,NULL
3551/0007,34,NULL,"HAW FB SP <18/287>",NULL,NULL
3553,633,NULL,"Johanneum HH <H 49>",NULL,NULL
3554,182,NULL,"Museum Hamb. Geschichte <H 77>",NULL,NULL
3564,127,NULL,"HfMT Hamburg <18/258>",NULL,NULL
3568,139,NULL,"HS Bild.Ku?nste Hamburg <18/26>",NULL,NULL
3570,209,NULL,"MPI Evolutionsbiologie <Pn 1>",u?,BEGKMSVX
3578,255,NULL,"LKB Bremen <Bre 4>",NULL,NULL
3607,242,NULL,"HS Darmstadt <Ds 114>",NULL,NULL
3609,609,NULL,"Projekt Leibniz Arbeitsbibl.",NULL,NULL
3611,611,NULL,"Humboldt-Viadrina SoG Berlin",NULL,NULL
3614,385,NULL,"Bibl. PTH Sankt Georgen <F 42>",NULL,NULL
3635,635,NULL,"ZMO Berlin <B2138>",NULL,NULL
3642,642,NULL,"Amt fu?r Museen Oldenburg",NULL,NULL
3643,643,NULL,"Zentrum Moderner Orient Berlin",NULL,NULL
3661,661,NULL,"Unibibliographie Hamburg",NULL,NULL
3683,683,NULL,"Oberste Landesbeho?rden Kiel",NULL,NULL
3683/0001,683,NULL,"Innenministerium Schleswig-H.",NULL,NULL
3683/0002,683,NULL,"Finanzministerium Schleswig-H.",NULL,NULL
3683/0003,683,NULL,"Justizministerium Schleswig-H.",NULL,NULL
3684,684,DE-MUS-784114,"Nds. Landesmuseen Oldenburg",NULL,NULL
3703,176,NULL,"Die Ostfries. Bibl. Aurich/Emden",bdfsu?,ABEGKMSTVX
3703,176,NULL,"Die Ostfries. Bibl. Aurich/Emden",bdu?,BEGKMSVX
3703/0001,176,DE-Au3,"Aurich LandschaftsB",bdu?,BEGKMSVX
3703/0002,176,DE-Em2,"Emden Johannes a Lasco B.",bdu?,BEGKMSVX
3703/0003,176,NULL,"Studienseminar Aurich",NULL,NULL
3703/0004,176,NULL,"IGS Aurich-West",NULL,NULL
3703/0005,176,NULL,"Museumsbibl. in Ostfriesland",NULL,NULL
3707,217,NULL,"Ev.-luth. Landeskirche Hannover",NULL,NULL
3707/0001,217,NULL,"Michaeliskloster <Hv 119>",NULL,NULL
3707/0002,217,NULL,"Ev. Luth. LKA <Hv 111>",bdu?,BEGKMSVX
3707/0003,217,NULL,"Klosterbib. Loccum <Lo 1>",NULL,NULL
3708,216,DE-Bs78,"Braunschweig Georg-Eckert-Inst",bdu?,BEGKMSVX
3713,154,NULL,"AWI Bremerhaven <Bv 2>",bdu?,BEGKMSVX
3713/0001,154,DE-Bv2,"AWI Bremerhaven <Bv 2>",NULL,NULL
3713/0002,154,NULL,"AWI Sylt",NULL,NULL
3713/0003,154,NULL,"AWI Helgoland <HG 1>",NULL,NULL
3713/0004,154,NULL,"AWI Potsdam",NULL,NULL
3713/7000,154,DE-Bv2,"D-D AWI Bremerhaven <Bv 2>",f?,BEGKMSVX
3714,702,NULL,"MPI Wissen.Gesch.  <B 2226>",bdu?,BEGKMSVX
3727,210,NULL,"Institut Doku Forschung",bdu?,BEGKMSVX
3754,754,NULL,"MPI Bildungsforschung <B 1532>",NULL,NULL
3781,637,NULL,"Lemgo HS OWL S(KIM) <743>",NULL,NULL
3791,791,NULL,"Dombibliothek Hildesheim",NULL,NULL
4007,7,NULL,"SUB Go? ZDB-Test",NULL,NULL
4252,252,NULL,"Ressortbibliotheken des BMELV",NULL,NULL
4252/0010,252,DE-Bs66,"JKI Braunschweig <Bs 66>",NULL,NULL
4252/0011,252,DE-B85,"Berlin JKI",bdu?,BEGKMSVX
4252/0012,252,DE-Kle2,"JKI Kleinmachnow <Kle 2>",NULL,NULL
4252/0050,252,DE-Q1,"Quedlinburg JKI",bdu?,BEGKMSVX
4252/0051,252,DE-Sib1,"JKI Siebeldingen <Sib 1>",NULL,NULL
4252/0070,252,DE-H140,"Hamburg Thünen-Inst. Fischerei",u?,BEGKMSVX
4252/0071,252,DE-R71,"Rostock TI, FZ Fischerei",u?,BEGKMSVX
4252/0080,252,DE-H105,"Hamburg TI, FZ Wald",bdu?,BEGKMSVX
4252/0090,252,DE-253,"Braunschweig TI FZ LändlRäume",bdu?,BEGKMSVX
4252/0100,252,DE-Gr61,"Greifswald Fr.-Loeffler-Inst.",bdu?,BEGKMSVX
4252/0101,252,DE-Tue67,"FLI Tu?bingen <Tu? 67>",NULL,NULL
4252/0102,252,DE-Wus1,"Wusterhausen Fr.-Loeffler-Inst",bdu?,BEGKMSVX
4252/0103,252,DE-J120,"Jena Fr.-Loeffler-Institut",bdu?,BEGKMSVX
4252/0104,252,DE-Nsr1,"Neustadt/Rbg Fr-Loeffler-Inst.",bdu?,BEGKMSVX
4252/0105,252,DE-Ce4,"Celle FLI Tierschutz",bdu?,BEGKMSVX
4252/0106,252,DE-Bs90,"Braunschweig FLI",bdu?,BEGKMSVX
4252/0110,252,DE-B12,"Berlin BI Risikobewertung",bdu?,BEGKMSVX
4252/0111,252,DE-B12,"Berlin BI Risikobewertung",NULL,NULL
4252/0120,252,DE-B1565,"Berlin BVL",bdu?,BEGKMSVX
4252/0130,252,DE-Ka51,"Karlsruhe MRI, BID",bdu?,BEGKMSVX
4252/0131,252,DE-Det2,"MRI Detmold <Det 2>",NULL,NULL
4252/0132,252,DE-Ki29,"Kiel MRI, BID",bdu?,BEGKMSVX
4252/0133,252,DE-Ku1,"MRI Kulmbach <Ku 1>",NULL,NULL
4252/7100,252,DE-Gr61,"Greifswald Fr.-Loeffler-Inst.",f?,BEGKMSVX
4252/7102,252,DE-Wus1,"Wusterhausen Fr.-Loeffler-Inst",f?,BEGKMSVX
4252/7103,252,DE-J120,"Jena Fr.-Loeffler-Institut",bdu?,BEGKMSVX
4252/7104,252,DE-Nsr1,"Neustadt/Rbg Fr-Loeffler-Inst.",bdu?,BEGKMSVX
4252/7105,252,DE-Ce4,"Celle FLI Tierschutz",bdu?,BEGKMSVX
4252/7106,252,DE-Bs90,"Braunschweig FLI",bdu?,BEGKMSVX
4252/7110,252,DE-B12,"Berlin BI Risikobewertung",f?,BEGKMSVX
4252/7120,252,DE-B1565,"Berlin BVL",f?,BEGKMSVX
4252/7130,252,DE-Ka51,"Karlsruhe MRI, BID",f?,BEGKMSVX
4252/7131,252,DE-Det2,"D-D MRI Detmold <Det 2>",f?,BEGKMSVX
4252/7132,252,DE-Ki29,"Kiel MRI, BID",f?,BEGKMSVX
4273,273,NULL,"BBF Berlin <B478>",NULL,NULL
4308,308,NULL,"Senatsbib. Berlin <B 720>",NULL,NULL
4327,327,NULL,"UdK Berlin <B 170>",NULL,NULL
4328,328,NULL,"Techn. FH Berlin <B 768>",NULL,NULL
4330,330,NULL,"FH Eberswalde <Eb 1>",NULL,NULL
4331,331,NULL,"HS Film Fernsehen <Po 75>",NULL,NULL
4332,332,NULL,"FH Lausitz <Sen 1>",NULL,NULL
4339,339,NULL,"Dt. Inst. Menschenr. <B 1547>",NULL,NULL
4340,340,NULL,"LHA Schwerin <Shw 16>",NULL,NULL
4341,341,NULL,"Ev. Luth. Oberkirchenrat <Old 3>",bdu?,BEGKMSVX
4342,342,DE-Wil5,"Terramare Whv. (FTM) <Wil 5>",NULL,NULL
4342/0001,342,NULL,"Vogelforschung Whv (IfV)",NULL,NULL
4342/0002,342,NULL,"Nationalparkverw. Whv (NPV)",NULL,NULL
4342/0003,342,NULL,"Ku?stenforschung Whv (NIhK)",NULL,NULL
4342/0004,342,NULL,"Senkenberg Whv (SGB)",NULL,NULL
4343,343,NULL,"Angell Akademie Freiburg",NULL,NULL
4344,344,NULL,"Akad. Mode Design Hamburg <1322>",NULL,NULL
4347,347,DE-H365,"Hamburg Media School",NULL,NULL
4348,348,NULL,"Klinikum Neubrandenburg",bdu?,BEGKMSVX
4349,349,NULL,"U?bersee-Museum Bremen <Bre 3>",NULL,NULL
4352,352,NULL,"Nieders. Landesmuseen Bs",NULL,NULL
4352/0001,352,NULL,"Herzog Anton Ulrich-Museum Bs",NULL,NULL
4352/0002,352,NULL,"Landesmuseum Braunschweig",NULL,NULL
4352/0003,352,NULL,"Staatl. Naturhist. Museum Bs",NULL,NULL
4353,353,DE-Ei7,"SLG Bachhaus Eisenach <Ei 7>",NULL,NULL
4354,354,NULL,"Bremische Bu?rgerschaft",NULL,NULL
4355,355,NULL,"Stiftung Sozialgeschichte",NULL,NULL
4356,356,DE-Bre10,"Focke Museum Bremen <Bre 10>",NULL,NULL
4357,357,NULL,"Handelskammer Bremen",NULL,NULL
4358,358,NULL,"Inst. f. Seeverkehrswirtschaft",NULL,NULL
4359,359,NULL,"Inst. fu?r Niederdt. Sprache",NULL,NULL
4360,360,NULL,"Instituto Cervantes",NULL,NULL
4361,361,NULL,"Landesinstitut fu?r Schule",NULL,NULL
4363,363,DE-Bre11,"MPI Marine Mikrobiol <Bre 11>",NULL,NULL
4364,364,NULL,"DEG Bremen",NULL,NULL
4365,365,DE-Bre1,"Staatsarchiv Bremen <Bre 1>",NULL,NULL
4368,368,NULL,"FK Maria Schnee Prag",NULL,NULL
4369,369,NULL,"Heimatkundl. Museum Schlan",NULL,NULL
4370,370,DE-1373,"Hamburg HCU ",bdu?,BEGKMSVX
4370/0001,370,DE-1373,"Hamburg HCU ",bdu?,BEGKMSVX
4370/0002,370,DE-1373,"Hamburg HCU ",bdu?,BEGKMSVX
4371,371,NULL,"Museen in Schleswig-Holstein",NULL,NULL
4372,672,NULL,"OPAL Niedersachsen",NULL,NULL
4373,660,NULL,"Nds. Mu?nzkabinett",NULL,NULL
4375,375,NULL,"DZA Berlin <B 1562>",NULL,NULL
4376,376,NULL,"Kath.HS Sozialw. Berlin <B 2224>",NULL,NULL
4377,377,NULL,"ESMT Berlin",NULL,NULL
4378,378,NULL,"Ev. Missionswerk Hamburg <H 370>",NULL,NULL
4379,379,DE-Hs2,"Das Gleimhaus <Hs 2>",NULL,NULL
4380,380,DE-B1570,"Berlin HertieSchool",bdu?,BEGKMSVX
4380/7000,380,DE-B1570,"Berlin HertieSchool",f?,BEGKMSVX
4381,381,NULL,"GEOMAR Kiel <Ki 109>",NULL,NULL
4381/0001,381,DE-Ki109,"Kiel GEOMAR Bibl.West,Westufer <Ki 109>",bdu?,BEGKMVX
4381/0002,381,DE-Ki130,"Kiel GEOMAR Bibl.Ost,Ostufer <Ki 130>",bdu?,BEGKMVX
4381/7001,381,DE-Ki109,"Kiel GEOMAR Bibl.West,Westufer <Ki 109>",bdu?,BEGKMSVX
4382,382,NULL,"UB Rostock Bibliographie",NULL,NULL
4383,383,NULL,"Fachinformationsverbund IBLK",NULL,NULL
4383/0001,383,NULL,"Otto-Suhr-Institut Berlin",NULL,NULL
4383/0002,383,NULL,"Osteuropa-Institut FU Berlin",NULL,NULL
4383/0003,383,NULL,"Institut fu?r Auslandsbeziehung",NULL,NULL
4383/0004,383,NULL,"BICC Bonn",NULL,NULL
4383/0005,383,NULL,"Dt. U?bersee-Institut Hamburg",NULL,NULL
4383/0006,383,NULL,"ECMI Flensburg",NULL,NULL
4383/0007,383,NULL,"DGAP Berlin",NULL,NULL
4383/0008,383,NULL,"HSFK Frankfurt",NULL,NULL
4383/0009,383,NULL,"GIGA Fachbibl. Lateinamerika",NULL,NULL
4383/0010,383,NULL,"GIGA Fachbibliothek Afrika",NULL,NULL
4383/0011,383,NULL,"GIGA Fachbibliothek Asien",NULL,NULL
4383/0012,383,NULL,"Deutsches Orient-Institut",NULL,NULL
4383/0013,383,NULL,"IFSH Hamburg",NULL,NULL
4383/0014,383,NULL,"Deutsch-Franzo?sisches Institut",NULL,NULL
4383/0015,383,NULL,"Su?dost-Institut Mu?nchen",NULL,NULL
4383/0016,383,NULL,"Stiftung Wissenschaft u. Politik",NULL,NULL
4383/0019,383,NULL,"GIGA Fachbibliothek Nahost",NULL,NULL
4386,386,NULL,"Bibl. Wirtschaftswiss. Bochum",NULL,NULL
4387,387,NULL,"Juristische Bibl.,Uni Bochum",NULL,NULL
4388,388,NULL,"Historische Bibl.,Uni Bochum",NULL,NULL
4389,389,NULL,"Bibl. Landesschule Pforta",NULL,NULL
4391,391,NULL,"Germ.Nationalmus.Nuernb. <N 1>",NULL,NULL
4393,393,NULL,"WZ Berlin fu?r Sozfor. <B 1543>",NULL,NULL
4404,548,DE-1821,"Bergen StB",bdu?,BEGKMSVX
4410,410,DE-Hal2,"Haldensleben StuKrsB",bdu?,BEGKMSVX
4438,438,DE-1357,"Brotterode StB",bdu?,BEGKMSVX
4439,439,DE-Brg1,"Burg/Magdebg. StB",bdu?,BEGKMSVX
4447,447,DE-1236,"Hermsdorf StB",bdu?,BEGKMSVX
4448,448,DE-1855,"Wiesmoor StB",bdu?,BEGKMSVX
4452,452,DE-1829,"Isenbüttel StB",bdu?,BEGKMSVX
4459,459,NULL,"GB Tabarz",bdu?,BEGKMSVX
4460,460,DE-We4,"Wernigerode StB",bdu?,BEGKMSVX
4466,466,DE-1225,"Bad Frankenhausen StB",bdu?,BEGKMSVX
4473,473,NULL,"StB Wasungen",bdu?,BEGKMSVX
4476,476,DE-1356,"Breitungen GB",bdu?,BEGKMSVX
4477,477,DE-1358,"Gerstungen StB",bdu?,BEGKMSVX
4484,484,DE-1235,"Apolda StB",bdu?,BEGKMSVX
4487,487,DE-1353,"Bad Blankenburg StB",bdu?,BEGKMSVX
4488,488,NULL,"GB Bad Klosterlausnitz",bdu?,BEGKMSVX
4490,490,NULL,"StB Bad Liebenstein",bdu?,BEGKMSVX
4500,500,DE-Ca2,"Calbe StB",bdu?,BEGKMSVX
4505,505,DE-1355,"Kölleda StB",bdu?,BEGKMSVX
4508,508,DE-1242,"Leinefelde-Worbis StB",bdu?,BEGKMSVX
4511,511,NULL,"StB Lucka",bdu?,BEGKMSVX
4512,512,NULL,"GB Marksuhl",bdu?,BEGKMSVX
4514,514,DE-1220,"Meuselwitz/Thür. StB",bdu?,BEGKMSVX
4516,516,NULL,"Medienzentrum Mu?hlhausen",bdu?,BEGKMSVX
4517,517,DE-1354,"Neustadt/Orla StB",bdu?,BEGKMSVX
4521,521,DE-1241,"Pößneck StB",bdu?,BEGKMSVX
4522,522,NULL,"StB Ro?mhild",bdu?,BEGKMSVX
4523,523,DE-1221,"Ronneburg StB",bdu?,BEGKMSVX
4525,525,DE-1227,"Ruhla StB",bdu?,BEGKMSVX
4526,526,NULL,"GB Seebach",bdu?,BEGKMSVX
4529,529,NULL,"StB Stadtilm",bdu?,BEGKMSVX
4530,530,NULL,"StB Stadtroda",bdu?,BEGKMSVX
4532,532,DE-1352,"Steinbach-Hallenberg StB",bdu?,BEGKMSVX
4534,534,DE-1894,"Tambach-Dietharz StB",bdu?,BEGKMSVX
4536,536,NULL,"StB Neukloster",NULL,NULL
4538,538,NULL,"StB Waltershausen",bdu?,BEGKMSVX
4540,540,DE-Zm4,"Zella-Mehlis StuKrsB",bdu?,BEGKMSVX
4547,547,NULL,"StB Gommern",bdu?,BEGKMSVX
4553,553,DE-1839,"GB Weyhe <1839>",NULL,NULL
4554,554,DE-1909,"Droyßig GB",bdu?,BEGKMSVX
4558,558,NULL,"StB Hadmersleben",bdu?,BEGKMSVX
4564,564,DE-1896,"StB Kro?pelin <1896>",NULL,NULL
4577,577,DE-Stf3,"Staßfurt StuRegB",bdu?,BEGKMSVX
4580,580,DE-1816,"StB Wismar <1816>",NULL,NULL
4594,594,NULL,"Fachakademie Magdeburg",bdu?,BEGKMSVX
4596,596,DE-1285,"Hude/Oldenb. GB",bdu?,BEGKMSVX
4597,597,DE-Y11,"Orient-Institut Istanbul <Y 11>",NULL,NULL
4598,598,NULL,"ZB Sport Ko?ln <Kn 41>",NULL,NULL
4599,599,NULL,"BFAFI Hamburg <H 140>",NULL,NULL
4600,600,NULL,"Ostseeforsch. Warnemu?nde <Wa 1",NULL,NULL
4601,601,NULL,"ZMAW Hamburg <18/306>",NULL,NULL
4603,603,NULL,"Ev. Hochsch. Berlin <B 1556>",NULL,NULL
4605,605,NULL,"Institute Cultural Inquiry Berli",NULL,NULL
4606,606,NULL,"Stiftung Topographie des Terrors",NULL,NULL
4606/0001,606,NULL,"Dok.-forschung NS-Zwangsarbeit",NULL,NULL
4607,607,DE-H373,"Hamburg Inst.Theolog.Frieden",bdu?,BEGKMSVX
4610,610,NULL,"Archido Bremen",NULL,NULL
4613,613,NULL,Leibniz-Bibliographie,NULL,NULL
4616,616,DE-Hil8,"CWM Hildesheim <Hil 8>",NULL,NULL
4617,617,NULL,"Leibniz Akademie Hannover",NULL,NULL
4618,618,DE-B1582,"FKBF Berlin",NULL,NULL
4619,619,NULL,"DBU Osnabrueck <Os 8>",NULL,NULL
4620,620,NULL,VD17-Redaktion,NULL,NULL
4629,629,NULL,"Bibl. des Ruhrgebiets <Bm 3>",NULL,NULL
4631,631,NULL,"Bibl. d. HS Niederrhein <829>",NULL,NULL
4634,634,NULL,"SBuK Sommerpalais <Gz 1>",NULL,NULL
4644,644,NULL,"Ju?dische Bibliothek Hannover",NULL,NULL
4645,645,NULL,"SUB HH Bibliographie",NULL,NULL
4646,646,DE-Rhn2,"Mathias Hochschule Rheine <Rhn 2",NULL,NULL
4647,647,DE-Bre14,"Bremen Zentr. Tropenökologie",bdu?,BEGKMSVX
4648,648,DE-1832,"European Business School <1832>",NULL,NULL
4649,649,NULL,"Pommersche Bibliothek Stettin",NULL,NULL
4651,651,NULL,"Halberstadt Bibliotheken",NULL,NULL
4653,653,NULL,IQSH,NULL,NULL
4654,654,NULL,"ADS Berlin",NULL,NULL
4655,655,NULL,"BKGE  Oldenburg",NULL,NULL
4656,656,NULL,"Hannah-Arendt Bibliothek",NULL,NULL
4657,657,DE-Bre12,"Forschungsst. Osteuropa <Bre 12>",NULL,NULL
4658,658,NULL,"Iranische Bibliothek Hannover",NULL,NULL
4659,659,NULL,"Chinesische Leihbu?cherei F.M.C",NULL,NULL
4662,662,DE-Sta5,"Stade Landschaftsverband",bdu?,BEGKMSVX
4663,663,DE-B1594,"Wissenschaftskolleg Berlin",NULL,NULL
4673,673,DE-H376,"KLU Hamburg <H 376>",NULL,NULL
4674,674,NULL,"Niedersa?chsische Bibliographie",NULL,NULL
4675,675,NULL,"Stadtarchiv Hansestadt Stade",NULL,NULL
4677,677,NULL,"Stadtarchiv Celle",NULL,NULL
4678,678,DE-Ner1,"Ruppiner Kliniken <Ner 1>",NULL,NULL
4680,680,DE-Zw1,"Zweibru?cken LBZ Rheinl.-Pfalz",NULL,NULL
4681,681,NULL,"Deutsche Reiterliche Vereinigung",NULL,NULL
4682,682,NULL,"Stiftsbibliotheken Zeitz",NULL,NULL
4685,685,DE-M477,"MPI SR Mu?nchen",NULL,NULL
4686,686,DE-Kon4,"HTWG Konstanz <Kon 4>",NULL,NULL
4687,687,NULL,"Asklepios Medical School",NULL,NULL
4688,688,DE-Ma33,"Kulturhist. Museum Magdeburg",NULL,NULL
4689,689,NULL,DZNE,NULL,NULL
4690,690,NULL,"Archiv Landkreis Cuxhaven",NULL,NULL
4704,704,DE-1374,"Kath. O?B St. Georg <1374>",NULL,NULL
4752,752,DE-Y4,"MPI Psycholinguistik <Y 4>",NULL,NULL
4753,753,DE-M124,"Bundesfinanzhof Mu?nchen <M 124",NULL,NULL
4790,790,NULL,"Freie Hansestadt Bremen ZD",NULL,NULL
4792,792,NULL,"Naturalis Library Leiden",NULL,NULL
4793,793,NULL,"Natural History Museum London",NULL,NULL
4794,794,NULL,RBGE,NULL,NULL
4795,795,NULL,"NKM Berlin",NULL,NULL
4796,796,NULL,RBINS,NULL,NULL
4797,797,NULL,NBGB,NULL,NULL
4798,798,NULL,SIL,NULL,NULL
4799,799,NULL,UH-Viiki,NULL,NULL
4801,801,NULL,RBZS,NULL,NULL
4802,802,NULL,RMCA,NULL,NULL
4999,243,NULL,Arbeitsbibliothek,NULL,NULL
5008,232,NULL,"KB Den Haag",NULL,NULL
5084,626,NULL,"PH Freiburg <Frei 129>",NULL,NULL
5090,622,NULL,"Berufsakademie Mannheim",NULL,NULL
5371,14,NULL,"GIGA-IZ Fachbibl. Nahost <H371>",NULL,NULL
5886,886,NULL,"Clio Zeitgeschichte-online",NULL,NULL
5887,887,NULL,"Clio StaBi Berlin",NULL,NULL
5888,888,NULL,"Clio BBF Berlin",NULL,NULL
5889,889,NULL,"Clio UB Dortmund",NULL,NULL
5890,890,NULL,Clio,NULL,NULL
5891,891,NULL,"ViFa Almisbah",NULL,NULL
5892,892,NULL,"ViFa Veterina?rmedizin",NULL,NULL
5893,893,NULL,"ViFa Finnougristik",NULL,NULL
5894,894,NULL,"ViFa BBI",NULL,NULL
5895,895,NULL,"ViFa Mathematik",NULL,NULL
5896,896,NULL,"ViFa Geowissenschaften GeoLeo",NULL,NULL
5897,897,NULL,"ViFa Forstwissenschaften",NULL,NULL
5898,898,NULL,"ViFa Anglo American Literature",NULL,NULL
5899,899,NULL,"ViFa Anglo American History",NULL,NULL
6001,1001,NULL,TestILN1001,NULL,NULL
8293,350,NULL,"Deutsche Historische Institute",NULL,NULL
8293/0001,350,NULL,"DHI Warschau",NULL,NULL
8293/0002,350,NULL,"DHI Rom",NULL,NULL
8293/0003,350,NULL,"DHI Paris",NULL,NULL
8293/0004,350,NULL,"DHI Washington",NULL,NULL
8296,608,NULL,"KFKI Hamburg",NULL,NULL
8306,179,DE-B4,"Berlin AdW B",bdu?,BEGKMSVX
8357,638,NULL,"UB Koblenz Landau <Lan 1>",NULL,NULL
8380,630,NULL,"StLB Dortmund <60>",NULL,NULL
8383,454,DE-1903,"StB Mu?cheln <1903>",NULL,NULL
8400,701,NULL,"Region Bayern",NULL,NULL
8400/0001,701,NULL,"Studienbib. Dillingen  <Di 1>",NULL,NULL
8400/0002,701,NULL,"StB Bamberg <22>",NULL,NULL
8400/0003,701,NULL,"Staatl. Bibl. Amberg <54>",NULL,NULL
8400/0004,701,NULL,"SB Ansbach <127>",NULL,NULL
8400/0005,701,NULL,"Staatl. Bibliothek Passau <154>",NULL,NULL
8400/0006,701,NULL,"FHB Ingolstadt <573>",NULL,NULL
8400/0007,701,NULL,"FH Coburg <858>",NULL,NULL
8400/0008,701,NULL,"FH Kempten <859>",NULL,NULL
8400/0009,701,NULL,"FH Rosenheim <861>",NULL,NULL
8400/0010,701,NULL,"FH Regensburg <898>",NULL,NULL
8400/0011,701,NULL,"FH Weihenstephan,FB LUU <1029>",NULL,NULL
8400/0012,701,NULL,"FH Amberg/Oberpfalz <1046>",NULL,NULL
8400/0013,701,NULL,"FH Amberg-Weiden <1047>",NULL,NULL
8400/0014,701,NULL,"FHB Neu-Ulm <1049>",NULL,NULL
8400/0015,701,NULL,"FH Deggendorf <1050>",NULL,NULL
8400/0016,701,NULL,"FH Mu?nchen <M 347>",NULL,NULL
8460,621,NULL,"Dt. Inst.Int. Pa?d. For. <B 478",bdu,BEGKMSVX
8483,474,DE-1238,"Gotha StB",bdu?,BEGKMSVX
8484,427,DE-Gz6,"Greiz StuKrsB",bdu?,BEGKMSVX
8485,503,DE-1237,"Ilmenau StB",bdu?,BEGKMSVX
8488,519,DE-No10,"Nordhausen StB",bdu?,BEGKMSVX
8494,528,DE-Sob11,"Sonneberg StB",bdu?,BEGKMSVX
8499,571,DE-Zev1,"Zeven StB",bdu?,BEGKMSVX
8503,587,DE-1247,"Papenburg Ev.ÖB",bdu?,BEGKMSVX
8504,509,DE-1098,"Georgsmarienhütte KÖB",bdu?,BEGKMSVX
8522,428,DE-Wm1,"Wolmirstedt StB",bdu?,BEGKMSVX
8541,313,NULL,"UB Cottbus <Co 1>",bdu,BEGKMSVX
8541/0001,313,NULL,"UB Cottbus KOBV-Test",NULL,NULL
8552,430,DE-1910,"Bad Dürrenberg StB",bdu?,BEGKMSVX
8556,465,DE-Wol4,"Bitterfeld-Wolfen StB",bdu?,BEGKMSVX
8556/0001,465,DE-Wol4,"Bitterfeld-Wolfen StB",bdu?,BEGKMSVX
8556/0002,465,DE-Wol4,"Bitterfeld-Wolfen StB",bdu?,BEGKMSVX
8563,432,DE-Sho3,"Schönebeck/E StB",bdu?,BEGKMSVX
8574,513,DE-Shw28,"StB Parchim <Shw 28>",NULL,NULL
8575,425,DE-1202,"StB Wittmund <1202>",NULL,NULL
8601,445,DE-1168,"StB Bremervo?rde <1168>",NULL,NULL
8608,433,DE-San4,"Sangerhausen StB",bdu?,BEGKMSVX
8612,572,DE-1186,"Fahrbu?cherei Cuxhaven <1186>",NULL,NULL
8624,437,NULL,"Musikbibl. Michaelstein <We 14>",NULL,NULL
8654,434,DE-We6,"StB Blankenburg <We 6>",NULL,NULL
8663,588,DE-1174,"Aurich StB",bdu?,BEGKMSVX
8677,450,DE-1883,"Schortens StB",bdu?,BEGKMSVX
8683,201,NULL,"FA BW Wasser. Geophy. <Ki 131>",bdu?,ABEKTVX
8713,451,DE-1213,"StB Holzminden <1213>",bdu?,BEGKMSVX
8744,464,DE-1119,"GB Hollenstedt <1119>",NULL,NULL
8745,414,DE-1243,"StB Einbeck <1243>",NULL,NULL
8758,441,DE-1897,"StB Coswig <1897>",bdu?,BEGKMSVX
8780,583,DE-1134,"GB Hesel <1134>",NULL,NULL
8781,546,DE-1188,"Wendeburg KrsB",bdu?,BEGKMSVX
8849,591,DE-1372,"Hohenhameln KrsB",bdu?,BEGKMSVX
8865,539,DE-1223,"Worbis StB",bdu?,BEGKMSVX
8905,70,NULL,"TIBORDER PG SI",NULL,NULL
8906,70,NULL,"TIBORDER PG FU",NULL,NULL
8907,70,NULL,"TIBORDER PG IT",NULL,NULL
8908,70,NULL,"TIBORDER PG IV",NULL,NULL
8909,70,NULL,"TIBORDER PG TM",NULL,NULL
8910,70,NULL,"TIBORDER PG FH",NULL,NULL
9011,627,NULL,"FH Leipzig <L 189>",bdu?,BEGKMSVX
9015,19,NULL,ZRSE,NULL,NULL
9052/7000,602,DE-Gt1,"D-D Geesthacht HZG <Gt 1>",f?,BEGKMSVX
9083,628,NULL,"FH Konstanz <Kon 4>",NULL,NULL
9511,641,NULL,"O?sterreichische NB Wien",bdu?,BEGKMSVX
9551,261,NULL,"Herder-Institut <Mb 50>",NULL,NULL
9712,624,NULL,"Westsaechs. Hochschule Zwickau",NULL,NULL
9831,166,NULL,CERL,NULL,NULL
9835,676,NULL,"Stiftung PSG",NULL,NULL
9870,650,NULL,HSBN,NULL,NULL
9870/0001,650,NULL,"Fritz-Ko?hne Schule",NULL,NULL
9870/0002,650,NULL,"Schule Rungwisch",NULL,NULL
9870/0003,650,NULL,"Schule An der Glinder Au",NULL,NULL
9870/0004,650,NULL,"Gesamtschule Allermo?he",NULL,NULL
9870/0005,650,NULL,Otto-Hahn-Schule,NULL,NULL
9870/0006,650,NULL,Ida-Ehre-Schule,NULL,NULL
9870/0007,650,NULL,"Gymnasium Bornbrook",NULL,NULL
9870/0008,650,NULL,"Gymnasium Hamm",NULL,NULL
9870/0009,650,NULL,"Goethe Gymnasium",NULL,NULL
9875,706,DE-Bo1,LVR,NULL,NULL
9990,1111,NULL,"CBS Trainingsbibliothek",NULL,NULL
